vcfId	svId	clusterId	clusterReason	fragileSiteStart	fragileSiteEnd	isFoldback	lineTypeStart	lineTypeEnd	junctionCopyNumberMin	junctionCopyNumberMax	geneStart	geneEnd	localTopologyIdStart	localTopologyIdEnd	localTopologyStart	localTopologyEnd	localTICountStart	localTICountEnd
gridss0bb_21771o	0	45	PROXIMITY-290	false	false	false	NONE	NONE	0.2791	1.4225	NMNAT1;TMEM274P;MIR5697	NMNAT1	5	6	TI_ONLY	ISOLATED_BE	1	0
purple_0	2	330	TI_JCN_MATCH-68	false	false	false	NONE	NONE	0.5233	1.3227			1	-1	ISOLATED_BE		0	0
gridss3f_3828b	5	45	TI_JCN_MATCH-3	false	false	false	NONE	NONE	0.3795	1.3365			9	-1	ISOLATED_BE		0	0
gridss3bf_723o	11	333		false	false	false	NONE	NONE	1.3383	2.3369		CSMD2	0	1	ISOLATED_BE	ISOLATED_BE	0	0
gridss3bf_1079o	12	334		false	false	false	NONE	NONE	1.5461	2.5458		CSMD2	0	1	ISOLATED_BE	ISOLATED_BE	0	0
gridss3bf_26341o	13	336		false	false	false	NONE	NONE	0.4772	1.2538	INPP5B	MIR3659HG	0	1	ISOLATED_BE	ISOLATED_BE	0	0
gridss3bf_20738o	14	335	PROXIMITY-15	false	false	false	NONE	NONE	0.5294	1.3258	AGO3	TRIT1	0	1	ISOLATED_BE	ISOLATED_BE	0	1
gridss3bf_32486o	15	335	PROXIMITY-14	false	false	false	NONE	NONE	0.1257	1.7374	TRIT1	TRIT1	1	1	ISOLATED_BE	ISOLATED_BE	1	1
gridss3bf_27948o	16	337		false	false	false	NONE	NONE	0.5641	1.2952		SMAP2	0	1	ISOLATED_BE	ISOLATED_BE	0	0
gridss4fb_4235o	17	339		false	false	false	NONE	NONE	1.5825	2.2662			0	1	ISOLATED_BE	ISOLATED_BE	0	0
gridss3bf_32939o	18	338		false	false	false	NONE	NONE	0.6570	1.3089		EBNA1BP2;CFAP57	0	1	ISOLATED_BE	ISOLATED_BE	0	0
gridss5bb_20356o	19	342	PROXIMITY-20	false	false	false	NONE	NONE	0.5495	1.3679	DAB1	LINC01358	0	1	ISOLATED_BE	DSB	0	0
gridss5ff_22704o	20	342	PROXIMITY-19	false	false	false	NONE	NONE	0.4700	1.4682	LINC01358	LINC01358;PHBP3	1	2	DSB	ISOLATED_BE	0	0
gridss6bf_14249o	23	343		false	false	false	NONE	NONE	0.7582	1.2138		MIER1	0	1	ISOLATED_BE	ISOLATED_BE	0	0
gridss9bf_18535o	25	346		false	false	false	NONE	NONE	0.7658	1.2442			0	1	ISOLATED_BE	ISOLATED_BE	0	0
purple_1	26	348	TI_JCN_MATCH-28	false	false	false	NONE	NONE	0.6306	1.4494			0	-1	ISOLATED_BE		0	0
purple_2	27	348	CONSEC_BREAKS-28	false	false	false	NONE	NONE	0.5024	1.2696	SLC25A24P2		2	-1	ISOLATED_BE		0	0
gridss10ff_14445o	28	348	CONSEC_BREAKS-27;TI_JCN_MATCH-26	false	false	false	NONE	NONE	0.7153	1.2025	SLC25A24P1	KCNC4	1	3	ISOLATED_BE	ISOLATED_BE	0	0
gridss14f_22795b	29	350		false	false	false	NONE	NONE	0.6825	1.3775	RN7SL261P	HYDIN2;HYDIN	0	-1	ISOLATED_BE		0	0
gridss14fb_3379o	30	228	PROXIMITY-129	false	false	false	NONE	NONE	-0.7780	1.5729	HYDIN2		2	3	TI_ONLY	TI_ONLY	1	1
gridss15bf_2780o	31	351		false	false	false	NONE	NONE	0.7036	1.1399	SETDB1	TCHH	0	1	ISOLATED_BE	ISOLATED_BE	0	0
gridss15bf_7056o	32	352		false	false	false	NONE	NONE	0.7994	1.3474		SPRR2B	0	1	ISOLATED_BE	ISOLATED_BE	0	0
gridss15bf_7915o	33	353		false	false	false	NONE	NONE	0.7497	1.2895	SPRR4	LAPTM4BP1	0	1	ISOLATED_BE	ISOLATED_BE	0	0
gridss16bf_1452o	34	354		false	false	false	NONE	NONE	0.8625	1.3575	CD48	CD244	0	1	ISOLATED_BE	ISOLATED_BE	0	0
gridss16bf_19665o	36	355		false	false	false	NONE	NONE	0.7814	1.2586	SCYL3	KIFAP3	0	1	ISOLATED_BE	ISOLATED_BE	0	0
gridss17bf_11857o	37	356		false	false	false	NONE	NONE	0.7777	1.2163		TOR1AIP1	0	1	ISOLATED_BE	ISOLATED_BE	0	0
gridss18bf_19953o	38	357		false	false	false	NONE	NONE	0.8323	1.2977			0	1	ISOLATED_BE	ISOLATED_BE	0	0
gridss19bf_12394o	39	358		false	false	false	NONE	NONE	0.7708	1.2247	KCNT2		0	1	ISOLATED_BE	ISOLATED_BE	0	0
purple_3	40	359	TI_JCN_MATCH-44	false	false	false	NONE	NONE	0.6285	1.2435	MROH3P		0	-1	ISOLATED_BE		0	0
gridss20fb_18423o	42	361	PROXIMITY-43	false	false	false	NONE	NONE	0.4691	1.3313	RNA5SP74		1	2	ISOLATED_BE	TI_ONLY	0	1
gridss20bf_8624o	43	361	PROXIMITY-42	false	false	false	NONE	NONE	0.5660	1.3766			0	2	ISOLATED_BE	TI_ONLY	0	1
gridss20f_71937b	44	359	TI_JCN_MATCH-40	false	false	false	NONE	NONE	0.6672	1.2928		INAVA;SLC9C1	1	-1	ISOLATED_BE		0	0
gridss20bf_18730o	45	363		false	false	false	NONE	NONE	0.7381	1.1839	CR1L		0	1	ISOLATED_BE	ISOLATED_BE	0	0
gridss21bf_3190o	46	364		false	false	false	NONE	NONE	0.7259	1.1840		LINC02608	0	1	ISOLATED_BE	ISOLATED_BE	0	0
gridss22bf_7056o	47	365		false	false	false	NONE	NONE	0.7217	1.2217	CAPN8	EPHX1	0	1	ISOLATED_BE	ISOLATED_BE	0	0
gridss22bf_10316o	48	366		false	false	false	NONE	NONE	0.6603	1.2540	DNAH14	NUP133	0	1	ISOLATED_BE	ISOLATED_BE	0	0
gridss22bf_18025o	49	367		false	false	false	NONE	NONE	0.7567	1.2655		LINC01736	0	1	ISOLATED_BE	ISOLATED_BE	0	0
gridss23b_64909b	50	369	TI_JCN_MATCH-51	false	false	false	NONE	NONE	0.5453	1.4147	LYST	LRIG2-DT;LRIG2	0	-1	ISOLATED_BE		0	0
purple_4	51	369	TI_JCN_MATCH-50	false	false	false	NONE	NONE	0.6011	1.6789	EDARADD		1	-1	ISOLATED_BE		0	0
gridss23bf_8352o	52	368		false	false	false	NONE	NONE	1.6812	2.2763	SLC35F3		0	1	ISOLATED_BE	ISOLATED_BE	0	0
gridss24fb_17276o	53	371		false	false	false	NONE	NONE	0.7105	1.0263	KIF26B	KIF26B	0	1	ISOLATED_BE	ISOLATED_BE	0	0
gridss24bf_19675o	54	416		false	false	false	NONE	NONE	0.0423	0.3607		LINC01115	0	1	ISOLATED_BE	ISOLATED_BE	0	0
gridss25fb_13748o	55	418	PROXIMITY-56	false	false	false	NONE	NONE	0.8650	0.8650			1	1	ISOLATED_BE	ISOLATED_BE	1	1
gridss25bf_3523o	56	418	PROXIMITY-55	false	false	false	NONE	NONE	0.7838	1.1800			0	1	ISOLATED_BE	ISOLATED_BE	0	1
gridss26bf_8446o	57	419		false	false	false	NONE	NONE	0.7482	1.1548	NBAS		0	1	ISOLATED_BE	ISOLATED_BE	0	0
gridss26bf_11572o	58	420		false	false	false	NONE	NONE	0.7969	1.2699		KCNS3	0	1	ISOLATED_BE	ISOLATED_BE	0	0
gridss28fb_29177o	59	591		false	false	false	NONE	NONE	-0.0270	0.6627	SLC8A1-AS1	SLC8A1-AS1	0	1	ISOLATED_BE	ISOLATED_BE	0	0
gridss28bf_18522o	60	592		false	false	false	NONE	NONE	0.0508	0.6038	SLC8A1-AS1	SLC8A1-AS1	0	1	ISOLATED_BE	ISOLATED_BE	0	0
gridss28bf_17456o	61	424		false	false	false	NONE	NONE	0.5374	0.9492	MAP4K3-DT	SLC8A1-AS1	0	1	ISOLATED_BE	ISOLATED_BE	0	0
gridss29bf_14426o	63	429		false	false	false	NONE	NONE	0.7603	1.1574	MSH2;KCNK12	FSHR	0	1	ISOLATED_BE	ISOLATED_BE	0	0
gridss30bf_4394o	64	430		false	false	false	NONE	NONE	0.7818	1.1992		ASB3;ERLEC1	0	1	ISOLATED_BE	ISOLATED_BE	0	0
gridss30b_74641b	65	432	PROXIMITY-66	false	false	false	NONE	NONE	-1.2536	2.9196		ESPNP;ESPNP	0	-1	TI_ONLY		1	0
gridss30f_74479b	66	432	PROXIMITY-65	false	false	false	NONE	NONE	-1.2796	2.8936		ESPNP;ESPNP	0	-1	TI_ONLY		1	0
gridss30b_76405b	67	330	PROXIMITY-68	false	false	false	NONE	NONE	-1.1384	3.4184		ESPNP	2	-1	TI_ONLY		1	0
gridss1bf_11366o	68	330	PROXIMITY-67;TI_JCN_MATCH-2	false	false	false	NONE	NONE	0.5282	1.3156	KAZN		0	2	ISOLATED_BE	TI_ONLY	0	1
gridss26bb_11368o	69	421	PROXIMITY-74;LONG_DEL_DUP_INV-558	false	false	false	NONE	NONE	0.3207	1.0862		USP34	2	5	ISOLATED_BE	ISOLATED_BE	0	2
gridss26ff_15732o	70	421	PROXIMITY-74	false	false	false	NONE	NONE	0.4802	0.9973		USP34	3	5	ISOLATED_BE	ISOLATED_BE	0	2
gridss30bf_14933o	71	431		false	false	false	NONE	NONE	0.7471	1.2691	LINC01122	USP34	0	1	ISOLATED_BE	ISOLATED_BE	0	0
gridss31b_19383b	72	434		false	false	false	NONE	NONE	-0.2654	0.4854	COMMD1		0	-1	ISOLATED_BE		0	0
gridss31ff_1656o	73	421	PROXIMITY-75	false	false	false	NONE	NONE	-0.8550	2.3770	USP34		5	6	ISOLATED_BE	ISOLATED_BE	2	1
gridss31bb_1694o	74	421	PROXIMITY-69	false	false	false	NONE	NONE	-0.9585	2.1937	USP34		5	6	ISOLATED_BE	ISOLATED_BE	2	1
gridss31bf_1771o	75	421	PROXIMITY-70	false	false	false	NONE	NONE	-1.0613	2.0755	USP34		5	6	ISOLATED_BE	ISOLATED_BE	2	1
gridss31bf_8169o	76	435		false	false	false	NONE	NONE	1.5919	2.2865	UGP2	ACTR2	0	1	ISOLATED_BE	ISOLATED_BE	0	0
gridss31bf_15743o	77	439		false	false	false	NONE	NONE	0.4318	1.0642		LINC01828	0	1	ISOLATED_BE	ISOLATED_BE	0	0
gridss31bf_14718o	78	438		false	false	false	NONE	NONE	0.6178	1.2295	MEIS1	LINC01828;LINC01829	0	1	ISOLATED_BE	ISOLATED_BE	0	0
gridss31bf_14636o	79	437		false	false	false	NONE	NONE	0.1727	0.6887		LINC01828;LINC01829	0	1	ISOLATED_BE	ISOLATED_BE	0	0
gridss29fb_18310o	80	593		false	false	false	NONE	NONE	0.5605	0.9213	EPAS1		0	1	ISOLATED_BE	ISOLATED_BE	0	0
gridss33bf_1214o	81	440		false	false	false	NONE	NONE	0.7379	1.2821			0	1	ISOLATED_BE	ISOLATED_BE	0	0
gridss29bf_2878o	82	594		false	false	false	NONE	NONE	0.5005	0.8684	COX7A2L		0	1	ISOLATED_BE	ISOLATED_BE	0	0
gridss33bf_4445o	83	441		false	false	false	NONE	NONE	0.7700	1.2648			0	1	ISOLATED_BE	ISOLATED_BE	0	0
gridss33b_26565b	84	443	PROXIMITY-86	false	false	false	NONE	NONE	-1.1638	2.3658			0	-1	TI_ONLY		1	0
gridss33bf_4814o	85	442		false	false	false	NONE	NONE	-0.0473	0.7193			0	1	ISOLATED_BE	ISOLATED_BE	0	0
gridss33ff_4990o	86	443	PROXIMITY-84	false	false	false	NONE	NONE	0.4665	0.9734			0	1	TI_ONLY	ISOLATED_BE	1	0
gridss34bf_5876o	87	444		false	false	false	NONE	NONE	0.5495	0.9135	TMEM131	TSGA10	0	1	ISOLATED_BE	ISOLATED_BE	0	0
gridss36fb_16484o	88	445		false	false	false	NONE	NONE	0.5753	0.8467			0	1	ISOLATED_BE	ISOLATED_BE	0	0
gridss39ff_531o	89	447	PROXIMITY-90	true	true	false	NONE	NONE	0.4770	1.0093	LRP1B	LRP1B	0	2	ISOLATED_BE	DSB	0	0
gridss39bb_1729o	90	447	PROXIMITY-89	true	true	false	NONE	NONE	0.2310	0.9307	LRP1B	LRP1B	1	2	ISOLATED_BE	DSB	0	0
gridss38bf_17339o	91	446		true	true	false	NONE	NONE	0.5501	0.9388	LRP1B	LRP1B	0	1	ISOLATED_BE	ISOLATED_BE	0	0
gridss39bf_3632o	92	449		false	false	false	NONE	NONE	0.8130	1.2370		ARHGAP15	0	1	ISOLATED_BE	ISOLATED_BE	0	0
gridss39bf_11845o	93	450		false	false	false	NONE	NONE	0.7339	1.1928			0	1	ISOLATED_BE	ISOLATED_BE	0	0
gridss39bf_12683o	94	451		false	false	false	NONE	NONE	0.5132	0.9469	MBD5		0	1	ISOLATED_BE	ISOLATED_BE	0	0
gridss40bf_8515o	95	453		false	false	false	NONE	NONE	0.5410	1.0860			0	1	ISOLATED_BE	ISOLATED_BE	0	0
gridss40bf_1597o	96	452		false	false	false	NONE	NONE	0.5197	0.9250	NEB		0	1	ISOLATED_BE	ISOLATED_BE	0	0
gridss40bf_9984o	97	454		false	false	false	NONE	NONE	0.7879	1.2008	LINC01876		0	1	ISOLATED_BE	ISOLATED_BE	0	0
gridss43fb_19084o	98	455	PROXIMITY-99	false	false	false	NONE	NONE	0.3281	1.3341	LINC01090	LINC01090	0	0	ISOLATED_BE	ISOLATED_BE	1	1
gridss43bf_11809o	99	455	PROXIMITY-98	false	false	false	NONE	NONE	0.7391	1.3587	LINC01090	LINC01090	0	1	ISOLATED_BE	ISOLATED_BE	1	0
gridss43bf_14312o	100	456		false	false	false	NONE	NONE	0.5287	0.8907	COL5A2		0	1	ISOLATED_BE	ISOLATED_BE	0	0
gridss44bf_14372o	101	457	PROXIMITY-102	false	false	false	NONE	NONE	0.4283	1.1770			0	1	ISOLATED_BE	TI_ONLY	0	1
gridss44bf_14395o	102	457	PROXIMITY-101	false	false	false	NONE	NONE	0.4570	0.9949			1	2	TI_ONLY	ISOLATED_BE	1	0
gridss45bf_100o	103	459		false	false	false	NONE	NONE	0.5076	1.0664	BICD1P1	ORC2	0	1	ISOLATED_BE	ISOLATED_BE	0	0
gridss44bf_16844o	104	458		false	false	false	NONE	NONE	0.7773	1.1801	SPATS2L	CYP20A1	0	1	ISOLATED_BE	ISOLATED_BE	0	0
gridss46bf_550o	105	461		false	false	false	NONE	NONE	0.5655	0.9285		LINC01494	0	1	ISOLATED_BE	ISOLATED_BE	0	0
gridss45fb_19963o	106	460		false	false	false	NONE	NONE	-0.1059	0.1569		SLC4A3	0	1	ISOLATED_BE	ISOLATED_BE	0	0
gridss47bf_15783o	107	462		false	false	false	NONE	NONE	0.7618	1.1542	DNER	ARMC9	0	1	ISOLATED_BE	ISOLATED_BE	0	0
gridss48bb_10497o	108	464	MAJOR_ALLELE_JCN-563	false	false	true	NONE	NONE	0.8020	1.3047	IQCA1		3	3	FOLDBACK	FOLDBACK	0	0
gridss49bf_2713o	109	209		false	false	false	NONE	NONE	-0.0173	0.3533	CHL1	CHL1	0	1	ISOLATED_BE	ISOLATED_BE	0	0
gridss49bf_13933o	110	210		false	false	false	NONE	NONE	0.7880	1.2820	GRM7-AS3	GRM7	0	1	ISOLATED_BE	ISOLATED_BE	0	0
gridss50bf_8203o	111	211		false	false	false	NONE	NONE	0.6455	1.0795	TSEN2		0	1	ISOLATED_BE	ISOLATED_BE	0	0
gridss50bf_11474o	112	212		false	false	false	NONE	NONE	0.7712	1.2237	LSM3	TBC1D5;SATB1	0	1	ISOLATED_BE	ISOLATED_BE	0	0
gridss51bf_638o	113	213		false	false	false	NONE	NONE	0.7902	1.2598	SATB1-AS1	KCNH8	0	1	ISOLATED_BE	ISOLATED_BE	0	0
gridss52bf_6473o	115	215		false	false	false	NONE	NONE	0.7938	1.2632	OSBPL10;NIFKP7	CMTM8	0	1	ISOLATED_BE	ISOLATED_BE	0	0
gridss52bf_11231o	116	216		false	false	false	NONE	NONE	0.8153	1.2947	LINC01811	LINC01811	0	1	ISOLATED_BE	ISOLATED_BE	0	0
gridss52bf_13484o	117	217		false	false	false	NONE	NONE	0.8067	1.2633		STAC	0	1	ISOLATED_BE	ISOLATED_BE	0	0
gridss23bf_15046o	118	218	PROXIMITY-120	false	false	false	NONE	NONE	0.6301	1.6556	EDARADD	RBM6	3	0	ISOLATED_BE	ISOLATED_BE	0	1
gridss23fb_19386o	119	218	PROXIMITY-118	false	false	false	NONE	NONE	0.5722	1.4105		RBM6	2	0	ISOLATED_BE	ISOLATED_BE	0	1
gridss54bf_4174o	120	218	PROXIMITY-118	false	false	false	NONE	NONE	0.5303	1.0891	RBM6	DOCK3	0	1	ISOLATED_BE	ISOLATED_BE	1	0
gridss55bf_5164o	121	219		false	false	false	NONE	NONE	0.7402	1.2010			0	1	ISOLATED_BE	ISOLATED_BE	0	0
gridss55bf_8700o	122	220		false	false	false	NONE	NONE	0.7810	1.2580	LINC00698	SYNPR;SYNPR-AS1	0	1	ISOLATED_BE	ISOLATED_BE	0	0
gridss55bf_16499o	123	221		false	false	false	NONE	NONE	0.6277	1.0743	SUCLG2	SUCLG2-DT	0	1	ISOLATED_BE	ISOLATED_BE	0	0
purple_5	124	224	LOH-125	false	false	false	NONE	NONE	0.7842	1.2118	ROBO1		1	-1	ISOLATED_BE		0	0
gridss56ff_14184o	125	224	PROXIMITY-126;LOH-124	false	false	false	NONE	NONE	0.7462	1.1624	ROBO2		0	2	ISOLATED_BE	DSB	0	0
unbalanced_0	126	224	PROXIMITY-125	false	false	false	NONE	NONE	-0.8328	2.4768			2	-1	DSB		0	0
gridss57bf_8986o	127	226		false	false	false	NONE	NONE	0.7694	1.2636			0	1	ISOLATED_BE	ISOLATED_BE	0	0
gridss14fb_6739o	128	228	PROXIMITY-30	false	false	false	NONE	NONE	0.6590	1.2975		CADM2	3	0	TI_ONLY	ISOLATED_BE	1	0
gridss14bf_1669o	129	228	PROXIMITY-30	false	false	false	NONE	NONE	0.6492	1.2899	HYDIN2		2	1	TI_ONLY	ISOLATED_BE	1	0
gridss60bf_4493o	130	229		false	false	false	NONE	NONE	1.5472	2.2928			0	1	ISOLATED_BE	ISOLATED_BE	0	0
gridss61bf_2144o	132	84	PROXIMITY-345	false	false	false	NONE	NONE	0.5658	1.4076	CD80	GSK3B	1	2	ISOLATED_BE	TI_ONLY	0	1
gridss61bf_2829o	133	231		false	false	false	NONE	NONE	1.2840	2.1821	GSK3B	GPR156	0	1	ISOLATED_BE	ISOLATED_BE	0	0
gridss61bf_21252o	134	232		false	false	false	NONE	NONE	0.6007	1.4093	RUVBL1	EEFSEC	0	1	ISOLATED_BE	ISOLATED_BE	0	0
gridss62bf_9359o	138	235		false	false	false	NONE	NONE	1.2805	3.0495	ACAD11;NPHP3-ACAD11	ACAD11;NPHP3-ACAD11;ACKR4	0	1	ISOLATED_BE	ISOLATED_BE	0	0
gridss62bf_8640o	139	234		false	false	false	NONE	NONE	1.4009	2.5901	ACP3	TMEM108	0	1	ISOLATED_BE	ISOLATED_BE	0	0
gridss62bf_8214o	141	233		false	false	false	NONE	NONE	1.4063	2.2937	CPNE4		0	1	ISOLATED_BE	ISOLATED_BE	0	0
gridss62bf_17449o	142	244	TI_JCN_MATCH-486	false	false	false	NONE	NONE	1.4153	2.3947			0	2	ISOLATED_BE	ISOLATED_BE	0	0
gridss64bf_1007o	143	240		false	false	false	NONE	NONE	0.6552	1.4248	CPB1	MED28P2	0	1	ISOLATED_BE	ISOLATED_BE	0	0
gridss64bf_11628o	145	241		false	false	false	NONE	NONE	1.5374	2.4526	LINC02006	LINC02006	0	1	ISOLATED_BE	ISOLATED_BE	0	0
gridss65fb_30804o	147	246		false	false	false	NONE	NONE	2.8813	4.6472	WDR49	EGFEM1P	0	1	ISOLATED_BE	ISOLATED_BE	0	0
gridss19fb_26230o	148	248	PROXIMITY-149	false	false	false	NONE	NONE	0.5290	1.3976		EGFEM1P	2	0	ISOLATED_BE	TI_ONLY	0	1
gridss19bf_16063o	149	248	PROXIMITY-148	false	false	false	NONE	NONE	0.5434	1.4120	NEK7	EGFEM1P	1	0	ISOLATED_BE	TI_ONLY	0	1
gridss66bf_432o	151	247		false	false	false	NONE	NONE	1.0763	2.9594	EGFEM1P	LRRC31	0	1	ISOLATED_BE	ISOLATED_BE	0	0
gridss65bf_16823o	152	243		false	false	false	NONE	NONE	4.8954	6.3205		SLC7A14-AS1	0	1	ISOLATED_BE	ISOLATED_BE	0	0
gridss56bb_550o	153	222	MAJOR_ALLELE_JCN-154	false	false	false	NONE	NONE	1.5336	2.2114		TMEM212-AS1;TMEM212	0	2	ISOLATED_BE	ISOLATED_BE	0	0
gridss56ff_4049o	154	222	MAJOR_ALLELE_JCN-153	false	true	false	NONE	NONE	1.5545	2.2244	SAMMSON	NAALADL2	1	3	ISOLATED_BE	ISOLATED_BE	0	0
gridss66bf_25666o	155	249		false	false	false	NONE	NONE	1.4414	2.3486		KCNMB2;LINC01014	0	1	ISOLATED_BE	ISOLATED_BE	0	0
gridss21fb_6844o	156	244	PROXIMITY-157;FOLDBACKS-159	false	false	true	NONE	NONE	-0.2751	3.9666	INTS7	KCNMB2;KCNMB2-AS1	11	5	TI_ONLY	FOLDBACK	1	2
gridss21bb_4224o	157	244	PROXIMITY-156	false	false	true	NONE	NONE	-0.5425	4.1147	INTS7	KCNMB2;KCNMB2-AS1	11	5	TI_ONLY	FOLDBACK	1	2
gridss67bb_13099o	159	244	LONG_DEL_DUP_INV-162;FOLDBACKS-156	false	false	true	NONE	NONE	1.2959	2.6901	YEATS2	YEATS2	6	6	FOLDBACK	FOLDBACK	0	0
gridss67ff_13158o	160	244	LOH-161	false	false	true	NONE	NONE	3.2871	4.5353	YEATS2	YEATS2	7	7	FOLDBACK	FOLDBACK	0	0
gridss65fb_30482o	161	244	LOH-162	false	false	false	NONE	NONE	1.5787	2.3822	SERPINI2;WDR49	ABCC5	3	8	ISOLATED_BE	ISOLATED_BE	0	0
gridss65bf_18840o	162	244	LOH-161;LONG_DEL_DUP_INV-159	false	false	false	NONE	NONE	1.5805	2.3414	WDR49	C3orf70	4	9	ISOLATED_BE	ISOLATED_BE	0	0
gridss67b_137674b	163	244	LOH-162	false	false	false	NONE	NONE	0.7402	1.3398	RTP1		10	-1	ISOLATED_BE		0	0
gridss68bf_1769o	164	254	PROXIMITY-165	false	false	false	NONE	NONE	-0.2178	3.6778	TPRG1	TP63	2	3	ISOLATED_BE	ISOLATED_BE	1	2
gridss68fb_3125o	165	254	PROXIMITY-166	false	false	false	NONE	NONE	-0.7957	2.3056	TPRG1	TP63	2	3	ISOLATED_BE	ISOLATED_BE	1	2
gridss68bb_1658o	166	254	PROXIMITY-165	false	false	false	NONE	NONE	-0.6272	2.4691	TPRG1	TP63	2	3	ISOLATED_BE	ISOLATED_BE	1	2
gridss70bf_6385o	169	281		false	false	false	NONE	NONE	0.6703	1.1086	LINC01182	LCORL	0	1	ISOLATED_BE	ISOLATED_BE	0	0
gridss33ff_11858o	170	284	PROXIMITY-171	false	false	false	NONE	NONE	0.0036	0.4410			1	0	TI_ONLY	DSB	1	0
gridss33bb_11895o	171	284	PROXIMITY-170	false	false	false	NONE	NONE	0.0267	0.4642			1	0	TI_ONLY	DSB	1	0
gridss75bf_2647o	172	285	PROXIMITY-173	false	false	false	NONE	NONE	0.6772	1.2712	ADGRL3	UGT2B7	1	2	ISOLATED_BE	ISOLATED_BE	0	1
gridss73bb_5165o	173	285	PROXIMITY-172	false	false	true	NONE	NONE	0.6820	1.2668	GRXCR1	UGT2B7	0	2	FOLDBACK	ISOLATED_BE	0	1
gridss73bf_27045o	174	285	PROXIMITY-173	false	false	true	NONE	NONE	-0.2761	2.5809		UGT2B7	0	2	FOLDBACK	ISOLATED_BE	0	1
gridss76bf_8931o	175	286		false	false	false	NONE	NONE	0.5847	1.1096	CDKL2	USO1	0	1	ISOLATED_BE	ISOLATED_BE	0	0
gridss76bf_9303o	176	287		false	false	false	NONE	NONE	0.7817	1.4153	USO1	LINC00989	0	1	ISOLATED_BE	ISOLATED_BE	0	0
gridss76bf_13632o	177	288		false	false	false	NONE	NONE	0.7674	1.2726	HNRNPA1P56	PRKG2	0	1	ISOLATED_BE	ISOLATED_BE	0	0
gridss77bf_2725o	178	289		false	false	false	NONE	NONE	0.6820	1.2117	RASGEF1B		0	1	ISOLATED_BE	ISOLATED_BE	0	0
gridss77bf_9262o	180	291		false	false	false	NONE	NONE	0.6737	1.3093	WDFY3-AS2		0	1	ISOLATED_BE	ISOLATED_BE	0	0
gridss77bf_9830o	181	292		false	false	false	NONE	NONE	0.6048	1.2352		ARHGAP24	0	1	ISOLATED_BE	ISOLATED_BE	0	0
gridss77bf_8189o	182	290		false	false	false	NONE	NONE	0.7658	1.3086		MAPK10;MAPK10-AS1	0	1	ISOLATED_BE	ISOLATED_BE	0	0
gridss77fb_26250o	183	294		false	false	false	NONE	NONE	-0.6702	2.5393			0	0	DSB	DSB	0	0
gridss77bf_14334o	184	293		false	false	false	NONE	NONE	1.6403	2.3020			0	1	ISOLATED_BE	ISOLATED_BE	0	0
gridss77bf_16655o	185	295		false	false	false	NONE	NONE	0.7307	1.3009	FAM13A	GRID2	0	1	ISOLATED_BE	ISOLATED_BE	0	0
gridss78bf_5027o	186	296		false	false	false	NONE	NONE	0.7112	1.1556	GRID2		0	1	ISOLATED_BE	ISOLATED_BE	0	0
gridss80bf_10634o	188	297		false	false	false	NONE	NONE	0.8774	1.1826			0	1	ISOLATED_BE	ISOLATED_BE	0	0
gridss83bf_6639o	189	299		false	false	false	NONE	NONE	0.7759	1.2252		TMEM184C	0	1	ISOLATED_BE	ISOLATED_BE	0	0
gridss83fb_22460o	190	589		false	false	false	NONE	NONE	-0.1413	1.9292			0	0	DSB	DSB	0	0
gridss83bf_3377o	191	590		false	false	false	NONE	NONE	0.7962	1.1910	INPP4B		0	1	ISOLATED_BE	ISOLATED_BE	0	0
gridss87fb_2954o	193	301		false	false	false	NONE	NONE	0.8652	1.1168			0	1	ISOLATED_BE	ISOLATED_BE	0	0
gridss89bf_14042o	195	142		false	false	false	NONE	NONE	0.6547	1.2643			0	1	ISOLATED_BE	ISOLATED_BE	0	0
gridss89bf_10699o	196	141		false	false	false	NONE	NONE	0.7914	1.2366	RETREG1		0	1	ISOLATED_BE	ISOLATED_BE	0	0
gridss90bf_12405o	197	143		false	false	false	NONE	NONE	0.7658	1.2272			0	1	ISOLATED_BE	ISOLATED_BE	0	0
gridss91bf_183o	198	145		false	false	false	NONE	NONE	0.5828	1.2552			0	1	ISOLATED_BE	ISOLATED_BE	0	0
gridss90bf_13157o	199	144		false	false	false	NONE	NONE	0.7737	1.2992			0	1	ISOLATED_BE	ISOLATED_BE	0	0
gridss91bf_2522o	200	147		false	false	false	NONE	NONE	0.5332	1.1112			0	1	ISOLATED_BE	ISOLATED_BE	0	0
gridss91bb_7031o	201	148		false	false	true	NONE	NONE	-0.0055	0.4855	TOMM40P3	TOMM40P3	0	0	FOLDBACK	FOLDBACK	0	0
gridss91bf_1522o	202	146		false	false	false	NONE	NONE	0.6315	1.2797			0	1	ISOLATED_BE	ISOLATED_BE	0	0
gridss87bb_2312o	203	10		false	false	false	NONE	NONE	-0.1233	0.1848			1	0	ISOLATED_BE	ISOLATED_BE	0	0
gridss91bf_8974o	204	149		false	false	false	NONE	NONE	0.7571	1.3229		LIFR;LIFR-AS1	0	1	ISOLATED_BE	ISOLATED_BE	0	0
gridss92fb_9843o	205	588		false	false	false	NONE	NONE	-0.0601	2.7171	ZNF131	ZNF131	0	0	DSB	DSB	0	0
gridss92bf_5722o	206	587		false	false	false	NONE	NONE	0.8342	1.5275	ZNF131		0	1	ISOLATED_BE	ISOLATED_BE	0	0
gridss93bf_48o	207	151		false	false	false	NONE	NONE	0.7882	1.3018			0	1	ISOLATED_BE	ISOLATED_BE	0	0
gridss93bf_13075o	208	152		false	false	false	NONE	NONE	0.7218	1.2401	RAB3C	C5orf64	0	1	ISOLATED_BE	ISOLATED_BE	0	0
gridss93bf_14080o	209	153		true	false	false	NONE	NONE	0.7485	1.2689	PDE4D	KIF2A	0	1	ISOLATED_BE	ISOLATED_BE	0	0
gridss68fb_10150o	210	154		false	false	false	NONE	NONE	0.7995	1.2340	PYDC2		1	0	ISOLATED_BE	ISOLATED_BE	0	0
gridss95f_33764b	211	155		false	false	false	NONE	NONE	0.6817	1.3003		SRGAP2	0	-1	ISOLATED_BE		0	0
gridss96bf_5975o	212	157		false	false	false	NONE	NONE	0.6504	1.2646	XRCC4	VCAN;VCAN-AS1	0	1	ISOLATED_BE	ISOLATED_BE	0	0
gridss96bf_5120o	213	156		false	false	false	NONE	NONE	0.8080	1.2717			0	1	ISOLATED_BE	ISOLATED_BE	0	0
gridss96bf_10197o	214	158		false	false	false	NONE	NONE	0.7621	1.2539			0	1	ISOLATED_BE	ISOLATED_BE	0	0
gridss96bf_11194o	215	159	PROXIMITY-393	false	false	false	NONE	NONE	0.6469	1.2919		MEF2C-AS1	2	3	ISOLATED_BE	ISOLATED_BE	0	1
gridss98bf_4306o	216	160		false	false	false	NONE	NONE	0.7689	1.2291	PAM		0	1	ISOLATED_BE	ISOLATED_BE	0	0
gridss99bf_5995o	217	161		false	false	false	NONE	NONE	0.1588	0.5542			0	1	ISOLATED_BE	ISOLATED_BE	0	0
gridss99fb_25378o	218	163		false	false	false	NONE	NONE	0.7730	3.2346	TNFAIP8	TNFAIP8	0	0	DSB	DSB	0	0
gridss100bf_1393o	219	164		false	false	false	NONE	NONE	0.7411	1.2485			0	1	ISOLATED_BE	ISOLATED_BE	0	0
gridss101bf_13o	220	166		false	false	false	NONE	NONE	0.7813	1.2587	ADAMTS19	MINAR2	0	1	ISOLATED_BE	ISOLATED_BE	0	0
gridss101bf_5222o	221	167		false	false	false	NONE	NONE	0.6199	1.0631	RNA5SP192		0	1	ISOLATED_BE	ISOLATED_BE	0	0
gridss101bf_6970o	222	168		false	false	false	NONE	NONE	0.6734	1.1156		CDKL3	0	1	ISOLATED_BE	ISOLATED_BE	0	0
gridss101bf_14664o	223	169		false	false	false	NONE	NONE	0.7073	1.1507	ETF1	CTNNA1	0	1	ISOLATED_BE	ISOLATED_BE	0	0
gridss102ff_217o	224	171	PROXIMITY-225	false	false	false	NONE	NONE	-0.4749	2.1469	UBE2D2;H3P25	UBE2D2;H3P25	0	0	DSB	DSB	1	1
gridss102bb_259o	225	171	PROXIMITY-224	false	false	false	NONE	NONE	-0.4102	2.2622	UBE2D2;H3P25	UBE2D2;H3P25	0	0	DSB	DSB	1	1
gridss102bf_232o	226	170		false	false	false	NONE	NONE	0.6633	1.1836	UBE2D2		0	1	ISOLATED_BE	ISOLATED_BE	0	0
gridss102bf_8236o	227	172		false	false	false	NONE	NONE	0.6378	1.0932			0	1	ISOLATED_BE	ISOLATED_BE	0	0
gridss102fb_20928o	228	174	PROXIMITY-229	false	false	false	NONE	NONE	0.5347	1.2209		STK32A-AS1	1	2	ISOLATED_BE	TI_ONLY	0	1
gridss102bf_10754o	229	174	PROXIMITY-228	false	false	false	NONE	NONE	0.6660	1.2920		STK32A-AS1	0	2	ISOLATED_BE	TI_ONLY	0	1
gridss99fb_23040o	230	162	PROXIMITY-235	false	false	false	NONE	NONE	-0.1498	4.8098	LINC02208		0	3	ISOLATED_BE	ISOLATED_BE	3	4
gridss99bf_12944o	231	162	PROXIMITY-232	false	false	false	NONE	NONE	0.2208	4.5362	LINC02208		0	3	ISOLATED_BE	ISOLATED_BE	3	4
gridss99ff_12319o	232	162	PROXIMITY-237	false	false	false	NONE	NONE	0.3182	3.9584	LINC02208		0	3	ISOLATED_BE	ISOLATED_BE	3	4
gridss99bb_12193o	233	162	PROXIMITY-234	false	false	false	NONE	NONE	0.5324	4.5441	LINC02208		0	3	ISOLATED_BE	ISOLATED_BE	3	4
gridss99ff_12321o	234	162	PROXIMITY-231	false	false	false	NONE	NONE	0.2049	4.0916	LINC02208		0	3	ISOLATED_BE	ISOLATED_BE	3	4
gridss99bb_12194o	235	162	PROXIMITY-233	false	false	false	NONE	NONE	-1.1255	2.6385	LINC02208		0	3	ISOLATED_BE	ISOLATED_BE	3	4
gridss100ff_5054o	236	162	PROXIMITY-235	false	false	false	NONE	NONE	0.6191	1.4512	SNX2		1	3	ISOLATED_BE	ISOLATED_BE	0	4
gridss99bb_12191o	237	162	PROXIMITY-232	false	false	false	NONE	NONE	0.2729	3.9781	LINC02208		0	3	ISOLATED_BE	ISOLATED_BE	3	4
gridss104bf_10303o	238	162	PROXIMITY-237	false	false	false	NONE	NONE	1.4833	2.5419			2	3	ISOLATED_BE	ISOLATED_BE	0	4
gridss104bf_9275o	239	175		false	false	false	NONE	NONE	0.8071	1.2630		TENM2	0	1	ISOLATED_BE	ISOLATED_BE	0	0
gridss107bf_14043o	240	177		false	false	false	NONE	NONE	0.7662	1.2197	ATXN1	CDKAL1;RNU6-150P	0	1	ISOLATED_BE	ISOLATED_BE	0	0
gridss108fb_11024o	241	185	PROXIMITY-368	false	false	true	NONE	NONE	-0.4157	2.3251			1	1	FOLDBACK	FOLDBACK	1	1
gridss108bf_7102o	242	178		false	false	false	NONE	NONE	0.5292	1.2888		CASC15	0	1	ISOLATED_BE	ISOLATED_BE	0	0
gridss108bf_9632o	243	179		false	false	false	NONE	NONE	0.7631	1.7169			0	1	ISOLATED_BE	ISOLATED_BE	0	0
gridss108bf_17690o	246	181		false	false	false	NONE	NONE	0.4888	1.5137			0	1	ISOLATED_BE	ISOLATED_BE	0	0
gridss108bf_17537o	247	180		false	false	false	NONE	NONE	0.5808	1.4355			0	1	ISOLATED_BE	ISOLATED_BE	0	0
gridss109fb_9895o	248	183	PROXIMITY-249	false	false	false	NONE	NONE	-0.9223	2.3851	HCG20	HCG20	1	1	COMPLEX_OTHER	COMPLEX_OTHER	1	1
gridss109fb_9896o	249	183	PROXIMITY-248	false	false	false	NONE	NONE	-0.7276	2.7096	HCG20	HCG20	1	1	COMPLEX_OTHER	COMPLEX_OTHER	1	1
gridss109bf_5089o	250	183	PROXIMITY-249	false	false	false	NONE	NONE	0.1966	1.2096		HCG20	0	1	ISOLATED_BE	COMPLEX_OTHER	0	1
gridss109bf_6229o	252	184		false	false	false	NONE	NONE	0.6086	1.3709	VARS2		0	1	ISOLATED_BE	ISOLATED_BE	0	0
gridss109bf_11072o	253	185	PROXIMITY-259	false	false	false	NONE	NONE	-0.9323	3.1923	RXRB;HSD17B8	RXRB;HSD17B8;MIR219A1;RING1;ZNF70P1	2	2	COMPLEX_OTHER	COMPLEX_OTHER	1	1
gridss109bb_12514o	254	185	LONG_DEL_DUP_INV-259;FOLDBACKS-369;TI_JCN_MATCH-255	false	false	true	NONE	NONE	0.4592	1.3140	PACSIN1		3	3	FOLDBACK	FOLDBACK	0	0
gridss109f_108843b	255	185	TI_JCN_MATCH-254	false	false	false	NONE	NONE	0.0631	1.5069	SNRPC	GGT3P;GGT2	4	-1	ISOLATED_BE		0	0
gridss109ff_17472o	256	185	LONG_DEL_DUP_INV-260	false	false	true	NONE	NONE	0.4920	1.5139	FGD2	FGD2	7	7	FOLDBACK	FOLDBACK	0	0
gridss109bf_19830o	257	185	CONSEC_BREAKS-261	false	false	false	NONE	NONE	2.5026	3.5366	MTCH1	LRFN2	6	8	ISOLATED_BE	ISOLATED_BE	0	0
gridss110bf_804o	258	191		false	false	false	NONE	NONE	0.7361	1.2874	ZFAND3	UBR2	0	1	ISOLATED_BE	ISOLATED_BE	0	0
gridss109ff_9685o	259	185	PROXIMITY-253;LONG_DEL_DUP_INV-254	false	false	false	NONE	NONE	-0.4838	2.3565	RXRB;HSD17B8;MIR219A1;RING1;ZNF70P1		2	9	COMPLEX_OTHER	ISOLATED_BE	1	1
gridss109bb_9899o	260	185	PROXIMITY-259;LONG_DEL_DUP_INV-256	false	false	false	NONE	NONE	-0.4238	2.5619	RXRB;HSD17B8		2	9	COMPLEX_OTHER	ISOLATED_BE	1	1
gridss109fb_24508o	261	185	PROXIMITY-262;CONSEC_BREAKS-257	false	false	false	NONE	NONE	0.3541	1.5357	UHRF1BP1		5	10	ISOLATED_BE	TI_ONLY	0	1
gridss110bf_16185o	262	185	PROXIMITY-259	false	false	false	NONE	NONE	-0.5262	2.0740			9	10	ISOLATED_BE	TI_ONLY	1	1
gridss111bf_3041o	263	193		false	false	false	NONE	NONE	0.7539	1.2451		DEFB133	0	1	ISOLATED_BE	ISOLATED_BE	0	0
gridss112bf_5714o	264	195		false	false	false	NONE	NONE	0.8344	1.1756	EYS	EYS	0	1	ISOLATED_BE	ISOLATED_BE	0	0
gridss113bf_9635o	265	198		false	false	false	NONE	NONE	1.8494	2.5094		SENP6;RN7SKP163	0	1	ISOLATED_BE	ISOLATED_BE	0	0
gridss113bf_2347o	266	196		false	false	false	NONE	NONE	0.8998	1.2231	LMBRD1;COL19A1	IMPG1	0	1	ISOLATED_BE	ISOLATED_BE	0	0
gridss115fb_21601o	268	202	PROXIMITY-269	false	false	false	NONE	NONE	0.8926	2.0359	KLHL32	KLHL32	1	1	ISOLATED_BE	ISOLATED_BE	1	1
gridss115bf_11149o	269	202	PROXIMITY-268	false	false	false	NONE	NONE	0.8190	1.2938	FHL5	KLHL32	0	1	ISOLATED_BE	ISOLATED_BE	0	1
gridss41bb_6224o	270	203	COMMON_ARMS-272	false	false	false	NONE	NONE	0.9194	1.2834	COBLL1		2	0	ISOLATED_BE	ISOLATED_BE	0	0
gridss118bf_6660o	271	204		false	false	false	NONE	NONE	0.8420	1.3680			0	1	ISOLATED_BE	ISOLATED_BE	0	0
gridss41ff_11309o	272	203	COMMON_ARMS-270	false	false	false	NONE	NONE	0.9304	1.3096		TRDN;TRDN-AS1	3	1	ISOLATED_BE	ISOLATED_BE	0	0
gridss113bf_8638o	273	197	PROXIMITY-274	false	false	false	NONE	NONE	-0.4046	2.6327			0	1	TI_ONLY	ISOLATED_BE	1	1
gridss113fb_15890o	274	197	PROXIMITY-273	false	false	false	NONE	NONE	-0.4309	2.6247			0	1	TI_ONLY	ISOLATED_BE	1	1
gridss119bf_1259o	275	197	PROXIMITY-273	false	false	false	NONE	NONE	0.5912	1.5657			1	2	ISOLATED_BE	ISOLATED_BE	1	0
gridss119bf_5640o	276	208		false	false	false	NONE	NONE	0.6218	1.4582	AKAP7	ARG1	0	1	ISOLATED_BE	ISOLATED_BE	0	0
gridss119bf_3263o	277	207		false	false	false	NONE	NONE	0.7197	1.3830		STX7	0	1	ISOLATED_BE	ISOLATED_BE	0	0
gridss119bf_175o	278	206		false	false	false	NONE	NONE	1.9249	2.4290	THEMIS;MRPS17P5	VNN1	0	1	ISOLATED_BE	ISOLATED_BE	0	0
gridss124fb_13227o	281	45	PROXIMITY-283	false	false	false	NONE	NONE	-0.4913	2.2358		SCIN	0	1	ISOLATED_BE	TI_ONLY	1	2
gridss124bf_7175o	282	45	PROXIMITY-281	false	false	false	NONE	NONE	-0.5012	2.3358		SCIN	0	1	ISOLATED_BE	TI_ONLY	1	2
gridss124bb_6543o	283	45	PROXIMITY-281	false	false	false	NONE	NONE	-0.4197	2.3543		SCIN	0	1	ISOLATED_BE	TI_ONLY	1	2
gridss6ff_3165o	284	45	PROXIMITY-283;COMMON_ARMS-288	false	false	false	NONE	NONE	0.7070	1.3233		SCIN	10	1	ISOLATED_BE	TI_ONLY	0	2
gridss124bf_9973o	285	41		false	false	false	NONE	NONE	0.7050	1.3450	RPL6P21	DGKB	0	1	ISOLATED_BE	ISOLATED_BE	0	0
gridss124bf_13148o	286	42		false	false	false	NONE	NONE	0.6983	1.3067	CRPPA	AGR3	0	1	ISOLATED_BE	ISOLATED_BE	0	0
gridss1fb_2853o	288	45	PROXIMITY-289;COMMON_ARMS-284	false	false	false	NONE	NONE	-0.8871	1.9658	PEX14	EVX1-AS	7	2	SAME_ORIENT	SAME_ORIENT	0	0
gridss126bb_794o	289	45	PROXIMITY-288	false	false	false	NONE	NONE	-1.1752	2.3626	EVX1-AS		2	3	SAME_ORIENT	ISOLATED_BE	0	1
gridss0ff_21983o	290	45	PROXIMITY-289	false	false	false	NONE	NONE	-0.7655	2.6717	NMNAT1;TMEM274P;MIR5697		5	3	TI_ONLY	ISOLATED_BE	1	1
gridss1ff_2071o	291	45	PROXIMITY-290	false	false	false	NONE	NONE	-1.0216	2.0117	PEX14		7	3	SAME_ORIENT	ISOLATED_BE	0	1
gridss129bf_979o	296	47		false	false	false	NONE	NONE	3.5178	4.9122	ZNF716		0	1	ISOLATED_BE	ISOLATED_BE	0	0
gridss129bf_5140o	298	49		false	false	false	NONE	NONE	0.4518	1.2414			0	1	ISOLATED_BE	ISOLATED_BE	0	0
gridss130fb_4468o	299	51		false	false	false	NONE	NONE	0.5080	1.2380			0	1	ISOLATED_BE	ISOLATED_BE	0	0
gridss129bf_3527o	300	48		false	false	false	NONE	NONE	1.4167	2.0695			0	1	ISOLATED_BE	ISOLATED_BE	0	0
gridss129bf_7776o	301	50		false	false	false	NONE	NONE	0.6156	1.2058			0	1	ISOLATED_BE	ISOLATED_BE	0	0
gridss130fb_9885o	302	52		false	false	false	NONE	NONE	0.0576	2.1124			0	0	DSB	DSB	0	0
gridss130bf_7816o	303	53		false	false	false	NONE	NONE	0.5254	1.1206	AUTS2	NCF1	0	1	ISOLATED_BE	ISOLATED_BE	0	0
gridss130bf_15018o	304	55		false	false	false	NONE	NONE	0.2407	1.1484	CLIP2	STAG3L2	0	1	ISOLATED_BE	ISOLATED_BE	0	0
purple_8	305	56		false	false	false	NONE	NONE	0.5038	1.1262	RCC1L		0	-1	ISOLATED_BE		0	0
gridss130bb_7453o	306	54	PROXIMITY-307	false	false	false	NONE	NONE	0.4927	1.2640		SRRM3	0	1	ISOLATED_BE	TI_ONLY	0	1
gridss130f_128606b	307	54	PROXIMITY-306	false	false	false	NONE	NONE	-1.0017	2.0077	SRRM3		1	-1	TI_ONLY		1	0
gridss131fb_4496o	308	58		false	false	false	NONE	NONE	0.2063	0.7822	MAGI2	MAGI2	0	1	ISOLATED_BE	ISOLATED_BE	0	0
gridss131bf_2454o	309	57		false	false	false	NONE	NONE	0.7450	1.2910	MAGI2	CACNA2D1	0	1	ISOLATED_BE	ISOLATED_BE	0	0
gridss132bf_6724o	310	59		false	false	false	NONE	NONE	0.7296	1.1669	CYP51A1;CYP51A1-AS1		0	1	ISOLATED_BE	ISOLATED_BE	0	0
gridss132bf_9019o	311	60		false	false	false	NONE	NONE	0.7481	1.1989	GNGT1		0	1	ISOLATED_BE	ISOLATED_BE	0	0
gridss132fb_22024o	312	61		false	false	false	NONE	NONE	0.6018	1.0620	DYNC1I1	DYNC1I1	0	1	ISOLATED_BE	ISOLATED_BE	0	0
gridss133bf_4944o	313	63		false	false	false	NONE	NONE	0.6590	1.2231		SERPINE1	0	1	ISOLATED_BE	ISOLATED_BE	0	0
gridss133bf_3920o	314	62		false	false	false	NONE	NONE	0.7183	1.1417	KPNA7		0	1	ISOLATED_BE	ISOLATED_BE	0	0
gridss133bf_10820o	315	64		false	false	false	NONE	NONE	0.7252	1.1578	CUX1	NAPEPLD	0	1	ISOLATED_BE	ISOLATED_BE	0	0
gridss133bf_13319o	316	65		false	false	false	NONE	NONE	0.7310	1.1569		LAMB4	0	1	ISOLATED_BE	ISOLATED_BE	0	0
gridss68fb_5252o	318	254	PROXIMITY-166	false	false	false	NONE	NONE	0.5328	1.1439	TP63		3	0	ISOLATED_BE	ISOLATED_BE	2	0
gridss136bb_3460o	319	67	PROXIMITY-323	false	false	true	NONE	NONE	-0.7199	2.6449	AHCYL2		0	1	FOLDBACK	TI_ONLY	1	1
gridss136bf_3669o	320	67	PROXIMITY-321	false	false	false	NONE	NONE	-0.8908	2.6094	AHCYL2		0	1	FOLDBACK	TI_ONLY	1	1
gridss136bb_3458o	321	67	PROXIMITY-320	false	false	true	NONE	NONE	-1.3013	2.1980	AHCYL2	TMEM209;SSMEM1	0	3	FOLDBACK	TI_ONLY	1	1
gridss136ff_5048o	322	67	PROXIMITY-321	false	false	true	NONE	NONE	0.0053	1.1671	TMEM209	TMEM209;SSMEM1	2	2	FOLDBACK	FOLDBACK	0	0
gridss136ff_3432o	323	67	PROXIMITY-321	false	false	false	NONE	NONE	-0.4000	2.9426	AHCYL2	TMEM209;SSMEM1	0	3	FOLDBACK	TI_ONLY	1	1
gridss68ff_2860o	324	254	PROXIMITY-165	false	false	false	NONE	NONE	0.5572	1.3969	TP63	COPG2	3	1	ISOLATED_BE	ISOLATED_BE	2	0
gridss136bf_5714o	325	69		false	false	false	NONE	NONE	0.7772	1.2855		LINC-PINT	0	1	ISOLATED_BE	ISOLATED_BE	0	0
gridss136bf_7118o	327	71		false	false	false	NONE	NONE	0.7326	1.2306	MKLN1	ST13P7	0	1	ISOLATED_BE	ISOLATED_BE	0	0
gridss136bf_9494o	328	72		false	false	false	NONE	NONE	0.7383	1.2276	CHCHD3	SLC13A4	0	1	ISOLATED_BE	ISOLATED_BE	0	0
gridss137bf_2789o	329	74		false	false	false	NONE	NONE	0.6938	1.2922	ATP6V0A4	KIAA1549	0	1	ISOLATED_BE	ISOLATED_BE	0	0
gridss137fb_14957o	330	76	PROXIMITY-331;MAJOR_ALLELE_JCN-333	false	false	false	NONE	NONE	0.8190	0.8190	OR9N1P	MGAM;OR9N1P	2	2	COMPLEX_OTHER	COMPLEX_OTHER	0	0
gridss137bf_1896o	331	76	PROXIMITY-330;CONSEC_BREAKS-332	false	false	false	NONE	NONE	0.6866	1.1757		OR9N1P	0	2	ISOLATED_BE	COMPLEX_OTHER	0	0
gridss137b_69765b	332	76	MAJOR_ALLELE_JCN-334;CONSEC_BREAKS-331	false	false	false	NONE	NONE	0.5099	1.3061		ARHGEF35-AS1;OR2A20P;OR2A7;ENPP3;OR2A4	3	-1	ISOLATED_BE		0	0
gridss137bf_7488o	333	76	MAJOR_ALLELE_JCN-330	false	false	false	NONE	NONE	0.6231	1.2053	TMEM178B	TCAF1	1	4	ISOLATED_BE	ISOLATED_BE	0	0
purple_9	334	76	MAJOR_ALLELE_JCN-332	false	false	false	NONE	NONE	0.6597	1.3003	OR2A1-AS1;OR2A1		5	-1	ISOLATED_BE		0	0
gridss138bf_1197o	336	79		false	false	false	NONE	NONE	0.7423	1.1707	CNTNAP2	GALNTL5	0	1	ISOLATED_BE	ISOLATED_BE	0	0
gridss138bf_10917o	337	81	PROXIMITY-339	false	false	false	NONE	NONE	-0.3547	3.1443	DPP6	DPP6	0	0	TI_ONLY	TI_ONLY	2	2
gridss138bb_9992o	338	81	PROXIMITY-339	false	false	false	NONE	NONE	0.4944	1.4145	DPP6	DPP6	0	1	TI_ONLY	ISOLATED_BE	2	0
gridss138ff_9876o	339	81	PROXIMITY-337	false	false	false	NONE	NONE	0.5158	1.4336	DPP6	DPP6	0	2	TI_ONLY	ISOLATED_BE	2	0
gridss138bf_8569o	340	80		false	false	false	NONE	NONE	0.8070	1.2414			0	1	ISOLATED_BE	ISOLATED_BE	0	0
gridss79fb_7616o	341	82		false	false	false	NONE	NONE	0.7964	1.1406	CISD2	LINC00689	1	0	ISOLATED_BE	ISOLATED_BE	0	0
gridss139bf_5875o	342	83		false	false	false	NONE	NONE	0.8256	1.1145	DLGAP2	CSMD1	0	1	ISOLATED_BE	ISOLATED_BE	0	0
gridss61bb_3007o	345	84	PROXIMITY-132	false	false	false	NONE	NONE	0.7725	1.1784	GSK3B		2	0	TI_ONLY	ISOLATED_BE	1	0
gridss142fb_9532o	346	85		false	false	false	NONE	NONE	0.6381	0.9617		PURG	0	1	ISOLATED_BE	ISOLATED_BE	0	0
gridss142fb_10913o	347	584		false	false	false	NONE	NONE	0.4808	1.1347			0	1	ISOLATED_BE	ISOLATED_BE	0	0
gridss142bf_6065o	348	583		false	false	false	NONE	NONE	0.7302	1.3065			0	1	ISOLATED_BE	ISOLATED_BE	0	0
gridss142bf_11404o	349	87		false	false	false	NONE	NONE	0.7437	1.1933	UNC5D		0	1	ISOLATED_BE	ISOLATED_BE	0	0
gridss143bb_92o	351	88	COMMON_ARMS-352	false	false	false	NONE	NONE	0.7592	1.2091		PXDNL	0	2	ISOLATED_BE	ISOLATED_BE	0	0
gridss143ff_6822o	352	88	COMMON_ARMS-351	false	false	false	NONE	NONE	0.7587	1.2068	ANK1		1	3	ISOLATED_BE	ISOLATED_BE	0	0
gridss145bb_2618o	353	90	PROXIMITY-356	false	false	false	NONE	NONE	0.0006	0.6749			0	1	SAME_ORIENT	COMPLEX_OTHER	0	0
gridss145fb_6066o	354	90	PROXIMITY-353	false	false	false	NONE	NONE	0.7390	1.5035			1	2	COMPLEX_OTHER	ISOLATED_BE	0	0
gridss145ff_2879o	355	90	PROXIMITY-354	false	false	false	NONE	NONE	-0.7188	1.6194			1	3	COMPLEX_OTHER	SAME_ORIENT	0	0
gridss145bf_2876o	356	90	PROXIMITY-353	false	false	false	NONE	NONE	0.3891	1.0582			0	3	SAME_ORIENT	SAME_ORIENT	0	0
gridss145bf_9225o	357	92		false	false	false	NONE	NONE	-0.0678	0.7008		BHLHE22	0	1	ISOLATED_BE	ISOLATED_BE	0	0
gridss145bf_7555o	358	91		false	false	false	NONE	NONE	0.7791	1.2409			0	1	ISOLATED_BE	ISOLATED_BE	0	0
gridss146bf_4728o	359	93		false	false	false	NONE	NONE	0.7990	1.2610	XKR9	EYA1	0	1	ISOLATED_BE	ISOLATED_BE	0	0
gridss147bf_982o	360	585		false	false	false	NONE	NONE	0.4748	1.7308			0	0	SIMPLE_DUP	SIMPLE_DUP	0	0
gridss147bf_985o	361	586		false	false	false	NONE	NONE	0.6713	1.3154		PKIA	0	1	ISOLATED_BE	ISOLATED_BE	0	0
gridss147bf_5936o	362	96		false	false	false	NONE	NONE	1.5435	2.3588	IMPA1	LINC02235	0	1	ISOLATED_BE	ISOLATED_BE	0	0
gridss147bf_6342o	363	97	PROXIMITY-372	false	false	false	NONE	NONE	0.5446	1.4185			0	1	ISOLATED_BE	ISOLATED_BE	1	0
gridss147bf_2919o	364	95		false	false	false	NONE	NONE	0.7623	1.2177	STMN2		0	1	ISOLATED_BE	ISOLATED_BE	0	0
gridss147bf_9839o	366	98		false	false	false	NONE	NONE	0.7911	1.2789	RALYL		0	1	ISOLATED_BE	ISOLATED_BE	0	0
gridss148bf_2593o	367	99		false	false	false	NONE	NONE	0.7956	1.2399		UQCRB	0	1	ISOLATED_BE	ISOLATED_BE	0	0
gridss108bb_5859o	368	185	PROXIMITY-369	false	false	false	NONE	NONE	-0.3986	2.3824			1	0	FOLDBACK	TI_ONLY	1	1
gridss108bf_6344o	369	185	PROXIMITY-368;FOLDBACKS-254	false	false	true	NONE	NONE	-0.2425	2.6498		RNF19A	1	0	FOLDBACK	TI_ONLY	1	1
gridss151fb_23467o	371	106		false	false	false	NONE	NONE	-0.1473	2.2125	PCAT1	PCAT1	0	0	DSB	DSB	0	0
gridss147fb_11956o	372	97	PROXIMITY-363;LONG_DEL_DUP_INV-376	false	false	false	NONE	NONE	-1.3218	2.1096		CCDC26	0	4	ISOLATED_BE	ISOLATED_BE	1	1
gridss147bf_6344o	373	97	PROXIMITY-372	false	false	false	NONE	NONE	-1.1318	2.3718		CCDC26	0	4	ISOLATED_BE	ISOLATED_BE	1	1
gridss152bf_2739o	374	97	PROXIMITY-372	false	false	false	NONE	NONE	0.5039	1.4137	CCDC26	CCDC26	4	5	ISOLATED_BE	ISOLATED_BE	1	0
gridss151bf_12024o	375	105		false	false	false	NONE	NONE	0.6493	1.1869	PCAT1		0	1	ISOLATED_BE	ISOLATED_BE	0	0
gridss150ff_175o	376	97	LOH-377;LONG_DEL_DUP_INV-372	false	false	false	NONE	NONE	0.8400	1.2322	ANGPT1	CYRIB	2	6	ISOLATED_BE	ISOLATED_BE	0	0
gridss150bb_203o	377	97	LOH-376	false	false	false	NONE	NONE	0.8448	1.2112	ANGPT1	ADCY8	3	7	ISOLATED_BE	ISOLATED_BE	0	0
gridss152bf_10092o	378	107	PROXIMITY-381	false	false	false	NONE	NONE	-0.3946	2.2706			6	6	SAME_ORIENT	SAME_ORIENT	2	2
gridss152fb_21217o	379	107	PROXIMITY-380	false	false	false	NONE	NONE	0.7550	0.7550	LINC02055	LINC02055	7	7	SAME_ORIENT	SAME_ORIENT	1	1
gridss152bf_10094o	380	107	PROXIMITY-378	false	false	false	NONE	NONE	-0.9374	1.8598		LINC02055	6	7	SAME_ORIENT	SAME_ORIENT	2	1
gridss152bf_10091o	381	107	PROXIMITY-378	false	false	false	NONE	NONE	-0.4316	1.7906		LINC02055	6	7	SAME_ORIENT	SAME_ORIENT	2	1
gridss155bb_5862o	382	19	FOLDBACKS-383	false	false	true	NONE	NONE	0.8771	1.2330		ADAMTSL1	0	0	FOLDBACK	FOLDBACK	0	0
gridss155ff_6380o	383	19	FOLDBACKS-382	false	false	true	NONE	NONE	0.8824	1.2465	ADAMTSL1	ADAMTSL1	1	1	FOLDBACK	FOLDBACK	0	0
gridss155bf_9094o	384	23	TI_JCN_MATCH-681	false	false	false	NONE	NONE	0.7389	1.2561	MLLT3		0	2	ISOLATED_BE	ISOLATED_BE	0	0
gridss155bf_8415o	385	21		false	false	false	NONE	NONE	0.8492	1.2179	SLC24A2		0	1	ISOLATED_BE	ISOLATED_BE	0	0
gridss156bf_4382o	386	24		false	false	false	NONE	NONE	0.7952	1.2482			0	1	ISOLATED_BE	ISOLATED_BE	0	0
gridss160f_53423b	387	25		false	false	false	NONE	NONE	0.6255	1.2825	TRPM3	FAM27C	0	-1	ISOLATED_BE		0	0
gridss160bf_4853o	388	26		false	false	false	NONE	NONE	0.8252	1.3348	TRPM3	TRPM3	0	1	ISOLATED_BE	ISOLATED_BE	0	0
gridss161bf_3844o	389	27		false	false	false	NONE	NONE	0.7103	1.1617	TRPM6		0	1	ISOLATED_BE	ISOLATED_BE	0	0
gridss161bf_6572o	390	29		false	false	false	NONE	NONE	0.7234	1.3465		GNAQ	0	1	ISOLATED_BE	ISOLATED_BE	0	0
gridss161bf_10733o	391	30		false	false	false	NONE	NONE	-0.0882	0.4342	LINC01507		0	1	ISOLATED_BE	ISOLATED_BE	0	0
gridss96fb_26950o	392	159	PROXIMITY-393	false	false	false	NONE	NONE	0.6662	1.2708	MEF2C-AS1		3	0	ISOLATED_BE	ISOLATED_BE	1	0
gridss96bf_15464o	393	159	PROXIMITY-215	false	false	false	NONE	NONE	0.6107	1.4356	MEF2C-AS1	RNU6-669P	3	1	ISOLATED_BE	ISOLATED_BE	1	0
gridss163bf_4696o	394	35		false	false	false	NONE	NONE	0.6371	1.2379	AOPEP	FANCC	0	1	ISOLATED_BE	ISOLATED_BE	0	0
gridss163bf_2768o	395	33		false	false	false	NONE	NONE	0.7350	1.2350	PHF2	CTSV	0	1	ISOLATED_BE	ISOLATED_BE	0	0
gridss164bf_1780o	396	36		false	false	false	NONE	NONE	0.7352	1.2598			0	1	ISOLATED_BE	ISOLATED_BE	0	0
gridss164bf_3297o	397	37		false	false	false	NONE	NONE	0.7682	1.2089	NIPSNAP3A		0	1	ISOLATED_BE	ISOLATED_BE	0	0
purple_10	398	6		false	false	false	NONE	NONE	0.7191	1.3409	DELEC1;TNC		0	-1	ISOLATED_BE		0	0
purple_11	399	0		false	false	false	NONE	NONE	0.6767	1.3233			0	-1	ISOLATED_BE		0	0
gridss165bf_8255o	400	38		false	false	false	NONE	NONE	0.7923	1.2479			0	1	ISOLATED_BE	ISOLATED_BE	0	0
gridss166bf_7576o	401	39		false	false	false	NONE	NONE	0.6541	1.0669	STXBP1	PRRX2	0	1	ISOLATED_BE	ISOLATED_BE	0	0
gridss168fb_10853o	402	255	PROXIMITY-427	false	false	false	NONE	NONE	-0.5156	1.9336	ITIH5	ITIH5	0	0	ISOLATED_BE	ISOLATED_BE	2	2
gridss168ff_4843o	403	255	PROXIMITY-402	false	false	false	NONE	NONE	0.6580	1.2132	ITIH5		0	1	ISOLATED_BE	ISOLATED_BE	2	0
gridss168b_63045b	404	256	PROXIMITY-682	false	false	false	NONE	NONE	-1.1911	1.7371	LINC02663		0	-1	DSB		0	0
gridss169bf_288o	405	257		false	false	false	NONE	NONE	0.4505	0.8261			0	1	ISOLATED_BE	ISOLATED_BE	0	0
gridss169bf_862o	406	258		false	false	false	NONE	NONE	0.7530	1.1634	PRPF18	FAM171A1	0	1	ISOLATED_BE	ISOLATED_BE	0	0
gridss64bf_16522o	408	107	MAJOR_ALLELE_JCN-739	false	false	false	NONE	NONE	1.5812	2.2588	GMPS	PLXDC2	8	11	ISOLATED_BE	ISOLATED_BE	0	0
gridss171bf_152o	409	259	PROXIMITY-410	false	false	false	NONE	NONE	0.4045	1.1289	NRP1	NRP1	0	1	ISOLATED_BE	TI_ONLY	0	1
gridss171bf_167o	410	259	PROXIMITY-409	false	false	false	NONE	NONE	0.4470	0.9536	NRP1		1	2	TI_ONLY	ISOLATED_BE	1	0
gridss171bf_3195o	411	260		false	false	false	NONE	NONE	0.8749	1.3251			0	1	ISOLATED_BE	ISOLATED_BE	0	0
gridss172f_8210b	412	261		false	false	false	NONE	NONE	0.6934	1.2366			0	-1	ISOLATED_BE		0	0
purple_12	413	7		false	false	false	NONE	NONE	0.6326	1.2074	FAM21FP;WASHC2C		0	-1	ISOLATED_BE		0	0
purple_13	414	13		false	false	false	NONE	NONE	0.6326	1.2074	ANTXRLP1;ANTXRL		0	-1	ISOLATED_BE		0	0
gridss173bf_2207o	416	263		false	false	false	NONE	NONE	0.2955	0.7815	PCDH15		0	1	ISOLATED_BE	ISOLATED_BE	0	0
gridss173bf_1549o	417	262		false	false	false	NONE	NONE	0.8455	1.2446	PCDH15		0	1	ISOLATED_BE	ISOLATED_BE	0	0
gridss174bf_9551o	418	264		false	false	false	NONE	NONE	0.7447	1.1153	CDH23;C10orf105	LRMDA	0	1	ISOLATED_BE	ISOLATED_BE	0	0
gridss176bf_8717o	419	266		false	false	false	NONE	NONE	0.3380	0.7520			0	1	ISOLATED_BE	ISOLATED_BE	0	0
gridss176bf_8160o	420	265		false	false	false	NONE	NONE	0.4031	0.7293		SORBS1	0	1	ISOLATED_BE	ISOLATED_BE	0	0
gridss177bf_10556o	421	267		false	false	false	NONE	NONE	0.3485	0.6616		ITPRIP;CFAP58	0	1	ISOLATED_BE	ISOLATED_BE	0	0
gridss178bf_3478o	422	268		false	false	false	NONE	NONE	0.3953	0.7287		SORCS1	0	1	ISOLATED_BE	ISOLATED_BE	0	0
gridss179bf_968o	423	269		false	false	false	NONE	NONE	0.7530	1.1360			0	1	ISOLATED_BE	ISOLATED_BE	0	0
gridss179bb_5608o	424	270	PROXIMITY-425	false	false	false	NONE	NONE	0.6964	1.2210	CACUL1	FAM24B;C10orf88B	0	1	ISOLATED_BE	DSB	0	0
gridss179ff_10106o	425	270	PROXIMITY-424	false	false	false	NONE	NONE	0.6652	1.2954	FAM24B;C10orf88B		1	2	DSB	ISOLATED_BE	0	0
gridss180fb_855o	426	271		false	false	false	NONE	NONE	0.2743	0.9017	LINC02641	LINC02641	0	0	DSB	DSB	0	0
gridss168bb_4710o	427	255	PROXIMITY-402	false	false	false	NONE	NONE	0.7030	1.2593	ITIH5	DOCK1	0	2	ISOLATED_BE	ISOLATED_BE	2	0
gridss168bf_5129o	428	255	PROXIMITY-402	false	false	false	NONE	NONE	0.7138	1.2713	ITIH5		0	3	ISOLATED_BE	ISOLATED_BE	2	0
gridss51fb_11088o	429	214	PROXIMITY-430	false	false	false	NONE	NONE	0.6927	1.2942	ZNF385D	SYT9	0	1	TI_ONLY	ISOLATED_BE	1	0
gridss51bf_6725o	430	214	PROXIMITY-429	false	false	false	NONE	NONE	0.6498	1.2599	ZNF385D	ZBED5;ZBED5-AS1	0	2	TI_ONLY	ISOLATED_BE	1	0
gridss182bf_3838o	431	302		false	false	false	NONE	NONE	0.7729	1.2142	MICAL2		0	1	ISOLATED_BE	ISOLATED_BE	0	0
gridss182bf_10853o	432	303		false	false	false	NONE	NONE	0.7685	1.2109	TSG101;UEVLD	ANO5	0	1	ISOLATED_BE	ISOLATED_BE	0	0
gridss183bf_5603o	433	305		false	false	false	NONE	NONE	0.6960	1.3140		LUZP2	0	1	ISOLATED_BE	ISOLATED_BE	0	0
gridss183bf_4698o	434	304		false	false	false	NONE	NONE	0.7860	1.2440	THAP12P4		0	1	ISOLATED_BE	ISOLATED_BE	0	0
gridss184bf_1221o	435	306		false	false	false	NONE	NONE	0.7938	1.2662		MPPED2	0	1	ISOLATED_BE	ISOLATED_BE	0	0
gridss185bf_1721o	436	309		false	false	false	NONE	NONE	0.7783	1.2617	LRRC4C	LRRC4C	0	1	ISOLATED_BE	ISOLATED_BE	0	0
gridss185bf_8676o	437	310		false	false	false	NONE	NONE	0.6282	1.0588	PSMC3	PTPRJ	0	1	ISOLATED_BE	ISOLATED_BE	0	0
gridss188fb_22509o	438	313		false	false	false	NONE	NONE	-0.2708	0.3489	TENM4	TENM4	0	1	ISOLATED_BE	ISOLATED_BE	0	0
gridss188bf_9130o	439	311		false	false	false	NONE	NONE	0.7267	1.2576	PAK1		0	1	ISOLATED_BE	ISOLATED_BE	0	0
gridss188bf_9347o	440	312		false	false	false	NONE	NONE	0.7292	1.2595	CLNS1A		0	1	ISOLATED_BE	ISOLATED_BE	0	0
gridss189bf_3248o	441	314		false	false	false	NONE	NONE	0.7694	1.2376	MIR4300HG	MIR4300HG	0	1	ISOLATED_BE	ISOLATED_BE	0	0
gridss111ff_1354o	442	192		false	false	false	NONE	NONE	0.8479	1.2073		DLG2	0	1	ISOLATED_BE	ISOLATED_BE	0	0
gridss189bf_8715o	443	315		false	false	false	NONE	NONE	0.8843	1.2057	CTSC	GRM5	0	1	ISOLATED_BE	ISOLATED_BE	0	0
gridss190bf_4851o	444	316		false	false	false	NONE	NONE	0.8802	1.2198			0	1	ISOLATED_BE	ISOLATED_BE	0	0
gridss191bf_7891o	446	317		false	false	false	NONE	NONE	0.8411	1.1509	C11orf65		0	1	ISOLATED_BE	ISOLATED_BE	0	0
gridss193bf_7190o	447	318		false	false	false	NONE	NONE	0.8705	1.1695		ZBTB44;NDUFAF2P2	0	1	ISOLATED_BE	ISOLATED_BE	0	0
gridss194bf_5363o	448	372		false	false	false	NONE	NONE	0.6907	1.2586	IQSEC3	B4GALNT3	0	1	ISOLATED_BE	ISOLATED_BE	0	0
gridss194ff_7098o	449	376	PROXIMITY-471	false	false	false	NONE	NONE	-1.1419	1.5304	CACNA1C	CACNA1C	3	3	ISOLATED_BE	ISOLATED_BE	1	1
gridss194ff_7490o	450	376	LOH-451;LONG_DEL_DUP_INV-478	false	false	false	NONE	NONE	-0.0495	0.7748	CACNA1C	CACNA1C	6	7	ISOLATED_BE	ISOLATED_BE	0	0
gridss194bb_7049o	451	376	LOH-450;CONSEC_BREAKS-453	false	false	false	NONE	NONE	-0.0721	0.5425	CACNA1C	ITFG2-AS1	2	8	ISOLATED_BE	ISOLATED_BE	0	0
gridss194bf_8252o	452	380		false	false	false	NONE	NONE	-0.0202	0.7510	CACNA1C	ITFG2	0	1	ISOLATED_BE	ISOLATED_BE	0	0
gridss194bf_7952o	453	376	CONSEC_BREAKS-451	false	false	false	NONE	NONE	1.1894	1.8401	CACNA1C	TIGAR	4	9	ISOLATED_BE	ISOLATED_BE	0	0
gridss195bf_1088o	454	381		false	false	false	NONE	NONE	0.3108	0.7348	DYRK4		0	1	ISOLATED_BE	ISOLATED_BE	0	0
gridss194bb_7381o	455	376	LONG_DEL_DUP_INV-459	false	false	false	NONE	NONE	0.2153	0.6998	CACNA1C	A2MP1	5	10	ISOLATED_BE	ISOLATED_BE	0	0
gridss125bb_4931o	456	43	COMMON_ARMS-461	false	false	false	NONE	NONE	1.1032	1.9495	ITGB8	PRH1;TAS2R10	0	2	ISOLATED_BE	ISOLATED_BE	0	0
gridss195bf_7417o	457	382		false	false	false	NONE	NONE	2.4290	3.4931	TAS2R9		0	1	ISOLATED_BE	ISOLATED_BE	0	0
gridss194ff_6104o	459	376	LONG_DEL_DUP_INV-478	false	false	false	NONE	NONE	0.1025	0.5540	ERC1	GRIN2B	0	11	ISOLATED_BE	ISOLATED_BE	0	0
gridss125ff_12516o	461	43	COMMON_ARMS-456	false	false	false	NONE	NONE	1.2961	1.9104	OSBPL3		1	3	ISOLATED_BE	ISOLATED_BE	0	0
gridss196bf_2684o	462	384		false	false	false	NONE	NONE	0.6041	1.2145		MGST1	0	1	ISOLATED_BE	ISOLATED_BE	0	0
gridss196bf_3096o	463	385		false	false	false	NONE	NONE	1.2210	1.9412	MGST1		0	1	ISOLATED_BE	ISOLATED_BE	0	0
gridss196bf_947o	464	383		false	false	false	NONE	NONE	0.4274	0.8411	ATF7IP		0	1	ISOLATED_BE	ISOLATED_BE	0	0
gridss197fb_5133o	465	387		false	false	false	NONE	NONE	0.6121	1.3729		ITPR2	0	1	ISOLATED_BE	ISOLATED_BE	0	0
gridss197bf_1949o	466	386		false	false	false	NONE	NONE	2.2129	2.9567	LMNTD1	C12orf71	0	1	ISOLATED_BE	ISOLATED_BE	0	0
gridss197bf_4261o	467	390		false	false	false	NONE	NONE	0.2775	0.6855	SMCO2		0	1	ISOLATED_BE	ISOLATED_BE	0	0
gridss197fb_13353o	468	393		false	false	false	NONE	NONE	0.1419	1.2513	FAR2	FAR2	0	1	ISOLATED_BE	ISOLATED_BE	0	0
gridss197b_70134b	470	1		false	false	false	NONE	NONE	0.0000	0.4330	TMTC1	NUBPL	0	-1	ISOLATED_BE		0	0
gridss194bb_7079o	471	376	PROXIMITY-449;LONG_DEL_DUP_INV-478	false	false	false	NONE	NONE	-1.4698	1.8865	CACNA1C		3	14	ISOLATED_BE	DSB	1	0
gridss197bf_6330o	472	376	PROXIMITY-471	false	false	false	NONE	NONE	0.4791	1.8508	TMTC1		13	14	ISOLATED_BE	DSB	0	0
gridss197fb_8074o	473	389		false	false	false	NONE	NONE	-0.0386	0.8155	FGFR1OP2		0	1	ISOLATED_BE	ISOLATED_BE	0	0
gridss197bb_2418o	474	376	LONG_DEL_DUP_INV-478	false	false	false	NONE	NONE	0.1320	0.9247	ITPR2	LINC00941	12	15	ISOLATED_BE	ISOLATED_BE	0	0
gridss197fb_20456o	475	396	PROXIMITY-476	false	false	false	NONE	NONE	-2.1922	3.5523	AMN1	AMN1	1	1	ISOLATED_BE	ISOLATED_BE	1	1
gridss197bf_8855o	476	396	PROXIMITY-475	false	false	false	NONE	NONE	0.1565	1.7001	DENND5B	AMN1	0	1	ISOLATED_BE	ISOLATED_BE	0	1
gridss197bf_5962o	477	392		false	false	false	NONE	NONE	1.8530	2.7612	FAR2	FGD4	0	1	ISOLATED_BE	ISOLATED_BE	0	0
gridss194bf_7601o	478	376	LONG_DEL_DUP_INV-459	false	false	false	NONE	NONE	0.1571	0.6462	LINC00940		1	16	ISOLATED_BE	ISOLATED_BE	0	0
gridss197bf_5885o	479	391		false	false	false	NONE	NONE	0.2706	0.7654	FAR2		0	1	ISOLATED_BE	ISOLATED_BE	0	0
gridss198bf_410o	480	398		false	false	false	NONE	NONE	-0.0560	0.3590			0	1	ISOLATED_BE	ISOLATED_BE	0	0
gridss199bf_5501o	481	400		false	false	false	NONE	NONE	0.3531	0.7459		LIMA1	0	1	ISOLATED_BE	ISOLATED_BE	0	0
gridss199bf_1245o	482	399		false	false	false	NONE	NONE	0.3756	0.6846		SCN8A	0	1	ISOLATED_BE	ISOLATED_BE	0	0
gridss200bf_301o	483	401		false	false	false	NONE	NONE	0.7164	1.0916	HOXC6;HOXC4		0	1	ISOLATED_BE	ISOLATED_BE	0	0
gridss67fb_1370o	485	244	PROXIMITY-157	false	false	false	NONE	NONE	0.5866	3.4231	KCNMB2;KCNMB2-AS1	R3HDM2;RNU6-879P	5	12	FOLDBACK	TI_ONLY	2	1
gridss62ff_19762o	486	244	PROXIMITY-485;TI_JCN_MATCH-142	false	false	false	NONE	NONE	1.1445	2.6752	NCK1-DT;NCK1	R3HDM2;RNU6-879P	1	12	ISOLATED_BE	TI_ONLY	0	1
gridss200bf_9163o	487	403		false	false	false	NONE	NONE	-0.6491	2.0081		DPY19L2	0	1	ISOLATED_BE	ISOLATED_BE	0	0
gridss202bf_4433o	489	405		false	false	false	NONE	NONE	0.7130	1.2500	SYT1	SYT1	0	1	ISOLATED_BE	ISOLATED_BE	0	0
gridss9bb_3424o	490	344	PROXIMITY-491	false	false	false	NONE	NONE	0.6141	1.2063	TGFBR3	ACSS3	0	2	ISOLATED_BE	TI_ONLY	0	1
gridss9ff_12463o	491	344	PROXIMITY-490	false	false	false	NONE	NONE	0.5987	1.1931	LINC02607	ACSS3	1	2	ISOLATED_BE	TI_ONLY	0	1
gridss203bf_598o	493	406		false	false	false	NONE	NONE	0.8386	1.2514			0	1	ISOLATED_BE	ISOLATED_BE	0	0
gridss203bf_5418o	494	407		false	false	false	NONE	NONE	0.4413	0.7727		DCN	0	1	ISOLATED_BE	ISOLATED_BE	0	0
gridss201ff_2218o	495	402	LONG_DEL_DUP_INV-496	false	false	false	NONE	NONE	0.7548	1.1954			1	3	ISOLATED_BE	ISOLATED_BE	0	0
gridss200bb_7986o	496	402	LONG_DEL_DUP_INV-495	false	false	false	NONE	NONE	0.7631	1.2094		BTBD11	0	4	ISOLATED_BE	ISOLATED_BE	0	0
gridss205bf_1820o	498	402	LONG_DEL_DUP_INV-496	false	false	false	NONE	NONE	1.6863	2.2153		CUX2	2	5	ISOLATED_BE	ISOLATED_BE	0	0
gridss206fb_8687o	499	410		false	false	false	NONE	NONE	0.7200	1.2529	KSR2	OASL	0	1	ISOLATED_BE	ISOLATED_BE	0	0
gridss206bf_3349o	500	409		false	false	false	NONE	NONE	1.7037	2.2366	NOS1	ANAPC5	0	1	ISOLATED_BE	ISOLATED_BE	0	0
gridss206ff_10070o	501	411	PROXIMITY-502	false	false	false	NONE	NONE	-0.3617	1.6497			0	0	ISOLATED_BE	ISOLATED_BE	1	1
gridss206bb_10185o	502	411	PROXIMITY-501	false	false	false	NONE	NONE	0.3477	0.7511		GTF2H3	0	1	ISOLATED_BE	ISOLATED_BE	1	0
gridss207bf_857o	503	412		false	false	false	NONE	NONE	0.3480	0.6664	NCOR2		0	1	ISOLATED_BE	ISOLATED_BE	0	0
gridss207fb_9740o	505	414		false	false	false	NONE	NONE	0.3987	0.8111		TMEM132C	0	1	ISOLATED_BE	ISOLATED_BE	0	0
gridss207bf_1882o	506	413		false	false	false	NONE	NONE	0.9271	1.3426	TMEM132B	SLC15A4	0	1	ISOLATED_BE	ISOLATED_BE	0	0
gridss207fb_13563o	507	415		false	false	false	NONE	NONE	0.0666	2.0733	TMEM132D	TMEM132D	0	0	DSB	DSB	0	0
gridss161ff_10242o	508	31	PROXIMITY-511	false	false	false	NONE	NONE	0.7287	1.3711		FRY	1	3	ISOLATED_BE	SAME_ORIENT	0	0
gridss161bb_5852o	510	31	PROXIMITY-511	false	false	false	NONE	NONE	0.5824	1.2356	PRUNE2;PCA3		0	4	ISOLATED_BE	DSB	0	0
gridss211ff_1876o	511	31	PROXIMITY-508;LONG_DEL_DUP_INV-516	false	false	false	NONE	NONE	-0.8993	1.2762	FRY		3	4	SAME_ORIENT	DSB	0	0
gridss211b_50988b	512	466	PROXIMITY-513	false	false	false	NONE	NONE	-1.3938	2.0318	NBEA	LINC00499;TNKS;MIR597	0	-1	DSB		0	0
gridss211f_51134b	513	466	PROXIMITY-512	false	false	false	NONE	NONE	-1.3958	2.0298	NBEA	LINGO1	0	-1	DSB		0	0
gridss210bf_7004o	516	31	LONG_DEL_DUP_INV-511	false	false	false	NONE	NONE	0.8282	1.2112	PLUT	TRPC4	2	5	ISOLATED_BE	ISOLATED_BE	0	0
gridss215bb_6468o	517	469	PROXIMITY-521;TI_JCN_MATCH-628	false	false	false	NONE	NONE	0.2164	2.3939	NIPA2P5	NIPA2P5	4	4	ISOLATED_BE	ISOLATED_BE	2	2
gridss215fb_16981o	518	469	PROXIMITY-517	false	false	false	NONE	NONE	-0.1273	2.4398	NIPA2P5		4	6	ISOLATED_BE	ISOLATED_BE	2	3
gridss216bf_511o	519	469	PROXIMITY-520	false	false	false	NONE	NONE	0.1973	3.0158			6	6	ISOLATED_BE	ISOLATED_BE	3	3
gridss216fb_1145o	520	469	PROXIMITY-519	false	false	false	NONE	NONE	-0.2905	2.5281			6	6	ISOLATED_BE	ISOLATED_BE	3	3
gridss215ff_6452o	521	469	PROXIMITY-593	false	false	false	NONE	NONE	0.2691	1.4611	NIPA2P5		4	6	ISOLATED_BE	ISOLATED_BE	2	3
gridss216fb_9963o	522	473		false	false	false	NONE	NONE	0.8536	1.3471	LINC00351	LINC00351	0	1	ISOLATED_BE	ISOLATED_BE	0	0
gridss216bf_4047o	523	472		false	false	false	NONE	NONE	0.7815	1.2600	LINC00351		0	1	ISOLATED_BE	ISOLATED_BE	0	0
gridss217bf_2980o	525	474		false	false	false	NONE	NONE	0.3926	0.7664	GPC6	GPC6	0	1	ISOLATED_BE	ISOLATED_BE	0	0
gridss217bf_3434o	527	475		false	false	false	NONE	NONE	0.3788	0.7464	TGDS	FARP1	0	1	ISOLATED_BE	ISOLATED_BE	0	0
gridss217bf_6283o	528	476		false	false	false	NONE	NONE	0.3644	0.7382			0	1	ISOLATED_BE	ISOLATED_BE	0	0
gridss218bb_1904o	529	477	FOLDBACKS-530	false	false	true	NONE	NONE	0.7961	1.3134	CCDC168	LINC00551	0	0	FOLDBACK	FOLDBACK	0	0
gridss218ff_4842o	530	477	FOLDBACKS-529	false	false	true	NONE	NONE	0.7654	1.3357	LINC00551	LINC00551	1	1	FOLDBACK	FOLDBACK	0	0
gridss219ff_1776o	531	479	PROXIMITY-532	false	false	false	NONE	NONE	-0.0459	0.4915	ATP11A	GRTP1;GRTP1-AS1	0	1	DSB	ISOLATED_BE	0	0
gridss219bf_2091o	532	479	PROXIMITY-531	false	false	false	NONE	NONE	0.1308	0.6258	ATP11A	ADPRHL1	0	2	DSB	ISOLATED_BE	0	0
gridss222bf_1473o	533	520		false	false	false	NONE	NONE	0.7899	1.2351		G2E3-AS1	0	1	ISOLATED_BE	ISOLATED_BE	0	0
gridss223bf_5039o	534	521		false	false	false	NONE	NONE	0.7690	1.2420	LRFN5		0	1	ISOLATED_BE	ISOLATED_BE	0	0
gridss223bf_5570o	535	522		false	false	false	NONE	NONE	0.8083	1.2917			0	1	ISOLATED_BE	ISOLATED_BE	0	0
gridss224bf_2907o	536	523		false	false	false	NONE	NONE	0.5981	1.0319			0	1	ISOLATED_BE	ISOLATED_BE	0	0
gridss224bf_5276o	537	524		false	false	false	NONE	NONE	0.7696	1.2144	RTRAF	DDHD1	0	1	ISOLATED_BE	ISOLATED_BE	0	0
gridss226bf_7659o	538	526		false	false	false	NONE	NONE	0.7992	1.1090	MLH3	BATF	0	1	ISOLATED_BE	ISOLATED_BE	0	0
gridss227bf_136o	539	527		false	false	false	NONE	NONE	0.8149	1.1243	TTLL5	TMED8	0	1	ISOLATED_BE	ISOLATED_BE	0	0
gridss228fb_2212o	540	529		false	false	false	NONE	NONE	0.2672	0.7617			0	1	ISOLATED_BE	ISOLATED_BE	0	0
gridss228bf_751o	541	528		false	false	false	NONE	NONE	1.2979	1.7924			0	1	ISOLATED_BE	ISOLATED_BE	0	0
gridss226fb_5149o	542	525		false	false	false	NONE	NONE	0.8416	1.1358	RAD51B	TTC7B	0	1	ISOLATED_BE	ISOLATED_BE	0	0
gridss221bb_3392o	543	512	PROXIMITY-667	false	false	false	NONE	NONE	0.7108	1.3238			2	3	TI_ONLY	ISOLATED_BE	2	0
gridss228fb_18164o	544	530		false	false	false	NONE	NONE	0.3960	0.3960	RPL15P2	RPL15P2	0	0	DSB	DSB	0	0
gridss221ff_3511o	545	512	PROXIMITY-665	false	false	false	NONE	NONE	0.6571	1.2636		PAPOLA	2	4	TI_ONLY	ISOLATED_BE	2	0
gridss229bf_3223o	546	532		false	false	false	NONE	NONE	0.7331	1.3916	CCDC85C	CYP46A1	0	1	ISOLATED_BE	ISOLATED_BE	0	0
gridss229fb_8945o	547	533	PROXIMITY-548	false	false	false	NONE	NONE	-0.3086	2.0865	EML1	EML1	1	1	ISOLATED_BE	ISOLATED_BE	1	1
gridss229bf_2770o	548	533	PROXIMITY-547	false	false	false	NONE	NONE	0.6277	1.2502		EML1	0	1	ISOLATED_BE	ISOLATED_BE	0	1
gridss229bf_5057o	549	534		false	false	false	NONE	NONE	0.7099	1.1831	PPP2R5C	PPP2R5C	0	1	ISOLATED_BE	ISOLATED_BE	0	0
gridss229bf_6510o	550	535		false	false	false	NONE	NONE	0.7206	1.1664		CKB;TRMT61A	0	1	ISOLATED_BE	ISOLATED_BE	0	0
gridss232f_15569b	551	3		false	false	false	NONE	NONE	0.0000	0.1070	NBEAP4		0	-1	ISOLATED_BE		0	0
gridss232f_18792b	552	537		false	false	false	NONE	NONE	-1.7154	11.0954		OR4Q1P;LINC02203	0	-1	ISOLATED_BE		0	0
purple_14	553	538		false	false	false	NONE	NONE	0.1534	3.3866	PDCD6IPP1		0	-1	ISOLATED_BE		0	0
gridss232ff_457o	555	536		false	false	false	NONE	NONE	2.1242	3.1054		PWRN1	0	1	ISOLATED_BE	ISOLATED_BE	0	0
gridss232bf_3502o	556	539		false	false	false	NONE	NONE	0.7649	1.2130	PWRN1	GABRG3;GABRG3-AS1	0	1	ISOLATED_BE	ISOLATED_BE	0	0
gridss27bb_769o	557	421	PROXIMITY-558	false	false	false	NONE	NONE	0.7576	1.3743		ULK4P3	4	0	COMPLEX_OTHER	ISOLATED_BE	0	0
gridss27ff_792o	558	421	PROXIMITY-557;LONG_DEL_DUP_INV-69	false	false	false	NONE	NONE	0.6927	1.3064		AQR	4	1	COMPLEX_OTHER	ISOLATED_BE	0	0
gridss234bb_2708o	559	541	PROXIMITY-560	false	false	false	NONE	NONE	0.1929	1.3607	RPAP1	RPAP1	0	1	ISOLATED_BE	DSB	0	0
gridss234ff_2644o	560	541	PROXIMITY-559	false	false	false	NONE	NONE	0.5377	1.3485	RPAP1	VPS39	1	2	DSB	ISOLATED_BE	0	0
gridss234bf_1318o	561	540		false	false	false	NONE	NONE	0.7002	1.1280	EIF2AK4	ADAL	0	1	ISOLATED_BE	ISOLATED_BE	0	0
gridss48fb_17942o	563	464	MAJOR_ALLELE_JCN-725	false	false	false	NONE	NONE	1.6026	2.5235			4	0	ISOLATED_BE	ISOLATED_BE	0	0
gridss234bf_6268o	564	542		false	false	false	NONE	NONE	0.6841	1.3484	SORD2P		0	1	ISOLATED_BE	ISOLATED_BE	0	0
gridss234bf_6887o	565	544		false	false	false	NONE	NONE	0.5523	1.5107	SLC30A4	HMGN2P46	0	1	ISOLATED_BE	ISOLATED_BE	0	0
gridss234bf_6430o	566	543		false	false	false	NONE	NONE	0.7622	1.2813	SORD	CEP152	0	1	ISOLATED_BE	ISOLATED_BE	0	0
gridss236bf_8150o	567	545		false	false	false	NONE	NONE	0.7334	1.1816		PIAS1	0	1	ISOLATED_BE	ISOLATED_BE	0	0
gridss237bf_1073o	568	546		false	false	false	NONE	NONE	0.7794	1.2118	DRAIC	ARID3B	0	1	ISOLATED_BE	ISOLATED_BE	0	0
gridss237b_98120b	569	547	TI_JCN_MATCH-570	false	false	false	NONE	NONE	0.6864	1.3076	PEAK1	COMMD4P1	0	-1	ISOLATED_BE		0	0
purple_15	570	547	TI_JCN_MATCH-569	false	false	false	NONE	NONE	0.6454	1.2666	COMMD4P1		1	-1	ISOLATED_BE		0	0
gridss238bf_5565o	571	549		false	false	false	NONE	NONE	0.7694	1.2296	KLHL25	AGBL1	0	1	ISOLATED_BE	ISOLATED_BE	0	0
gridss238bf_6431o	572	550		false	false	false	NONE	NONE	0.7788	1.2190	AGBL1	ABHD2	0	1	ISOLATED_BE	ISOLATED_BE	0	0
gridss149fb_16522o	574	100	COMMON_ARMS-577	false	false	false	NONE	NONE	0.7273	1.2221	BAALC;BAALC-AS1	LETR1	1	2	ISOLATED_BE	ISOLATED_BE	0	0
gridss239bf_7066o	576	552		false	false	false	NONE	NONE	0.6115	1.4135			0	1	ISOLATED_BE	ISOLATED_BE	0	0
gridss149bf_1233o	577	100	COMMON_ARMS-574	false	false	false	NONE	NONE	0.7409	1.2459	MATN2	LINC02253	0	3	ISOLATED_BE	ISOLATED_BE	0	0
gridss239bf_2711o	578	551		false	false	false	NONE	NONE	0.8273	1.2719			0	1	ISOLATED_BE	ISOLATED_BE	0	0
gridss240bf_2826o	579	553		false	false	false	NONE	NONE	0.7992	1.1222	NPRL3;HBZ	BICDL2	0	1	ISOLATED_BE	ISOLATED_BE	0	0
gridss111fb_6401o	580	554	LOH_CHAIN-583	false	false	false	NONE	NONE	0.8684	1.2415		SNX29	3	1	ISOLATED_BE	ISOLATED_BE	0	0
purple_16	581	555		false	false	false	NONE	NONE	0.6888	1.2972	NOMO2		0	-1	ISOLATED_BE		0	0
gridss240bf_5532o	583	554	LOH_CHAIN-580	false	false	false	NONE	NONE	0.7542	1.1783	MEFV	NETO2;ITFG1-AS1	0	2	ISOLATED_BE	ISOLATED_BE	0	0
gridss245f_42207b	584	557		false	false	false	NONE	NONE	0.5433	1.3827	KLF8P1		0	-1	ISOLATED_BE		0	0
gridss245fb_4597o	585	556	PROXIMITY-586	false	false	false	NONE	NONE	0.5118	1.5409	LINC02134	ZNF423	0	1	ISOLATED_BE	TI_ONLY	0	1
gridss245f_52422b	586	556	PROXIMITY-585	false	false	false	NONE	NONE	-1.2206	3.3406	ZNF423		1	-1	TI_ONLY		1	0
gridss245f_64407b	587	558		false	false	false	NONE	NONE	0.6017	1.2123	NKD1		0	-1	ISOLATED_BE		0	0
gridss246bf_3489o	588	559		false	false	false	NONE	NONE	0.8376	1.3024			0	1	ISOLATED_BE	ISOLATED_BE	0	0
gridss248bf_1802o	589	561		true	true	false	NONE	NONE	0.5138	1.1652	WWOX	WWOX	0	1	ISOLATED_BE	ISOLATED_BE	0	0
gridss247bf_7078o	590	560		false	true	false	NONE	NONE	0.7667	1.2207		WWOX	0	1	ISOLATED_BE	ISOLATED_BE	0	0
gridss248bf_2172o	591	562		true	true	false	NONE	NONE	0.0526	0.4724	WWOX	WWOX	0	1	ISOLATED_BE	ISOLATED_BE	0	0
gridss216ff_418o	592	469	PROXIMITY-518	false	false	false	NONE	NONE	-0.5785	2.6789			6	1	ISOLATED_BE	ISOLATED_BE	3	2
gridss215bb_6466o	593	469	PROXIMITY-521	false	false	false	NONE	NONE	-0.4310	2.0543	NIPA2P5		4	1	ISOLATED_BE	ISOLATED_BE	2	2
gridss248fb_8169o	594	469	PROXIMITY-593	false	false	false	NONE	NONE	-0.7600	2.4867			1	1	ISOLATED_BE	ISOLATED_BE	2	2
gridss248bf_3024o	595	469	PROXIMITY-594	false	false	false	NONE	NONE	0.5918	1.5192			0	1	ISOLATED_BE	ISOLATED_BE	0	2
gridss248bf_2419o	596	563		true	false	false	NONE	NONE	0.8035	1.2659	WWOX		0	1	ISOLATED_BE	ISOLATED_BE	0	0
gridss248bf_6673o	597	565		false	false	false	NONE	NONE	0.7350	1.1820	USP10	ZDHHC7;KIAA0513	0	1	ISOLATED_BE	ISOLATED_BE	0	0
gridss115fb_13180o	600	200	PROXIMITY-601	false	false	false	NONE	NONE	0.8676	1.3259			1	2	ISOLATED_BE	TI_ONLY	0	3
gridss249fb_11473o	601	200	PROXIMITY-600	false	false	false	NONE	NONE	0.2688	2.3643			2	2	TI_ONLY	TI_ONLY	3	3
gridss249fb_11476o	602	200	PROXIMITY-601	false	false	false	NONE	NONE	0.0159	2.0683			2	2	TI_ONLY	TI_ONLY	3	3
gridss115bf_3498o	603	200	PROXIMITY-602	false	false	false	NONE	NONE	0.8818	1.3396			0	2	ISOLATED_BE	TI_ONLY	0	3
gridss249bf_6740o	604	567		false	false	false	NONE	NONE	0.6949	1.1401	UBE2G1	SMTNL2	0	1	ISOLATED_BE	ISOLATED_BE	0	0
gridss5fb_27710o	605	340	COMMON_ARMS-608	false	false	false	NONE	NONE	0.7727	1.2775	PRKAA2	RABEP1;NUP88	3	0	ISOLATED_BE	ISOLATED_BE	0	0
gridss249bf_6049o	606	566		false	false	false	NONE	NONE	0.8266	1.1787	TRPV3		0	1	ISOLATED_BE	ISOLATED_BE	0	0
gridss250fb_3564o	607	568		false	false	false	NONE	NONE	0.8489	2.9102	CLEC10A		0	0	DSB	DSB	0	0
gridss5bf_6676o	608	340	COMMON_ARMS-605	false	false	false	NONE	NONE	0.7222	1.0860	CC2D1B;PLA2G12AP1	DNAH2	2	1	ISOLATED_BE	ISOLATED_BE	0	0
gridss250bf_2719o	609	569		false	false	false	NONE	NONE	0.8353	1.1311	PIK3R6	SHISA6	0	1	ISOLATED_BE	ISOLATED_BE	0	0
gridss251bf_753o	610	570		false	false	false	NONE	NONE	0.8199	1.1342	ZNF287	MED9	0	1	ISOLATED_BE	ISOLATED_BE	0	0
purple_17	611	571		false	false	false	NONE	NONE	0.7459	1.2061			0	-1	ISOLATED_BE		0	0
gridss251bf_4183o	612	572		false	false	false	NONE	NONE	0.0558	1.0337	UBBP4		0	1	ISOLATED_BE	ISOLATED_BE	0	0
gridss252bf_3489o	613	595		false	false	false	NONE	NONE	0.7611	1.2315	NF1	NF1	0	1	ISOLATED_BE	ISOLATED_BE	0	0
gridss252bf_3580o	614	596		false	false	false	NONE	NONE	0.7359	1.1523	NF1	SUZ12	0	1	ISOLATED_BE	ISOLATED_BE	0	0
gridss184bb_4113o	615	307	COMMON_ARMS-617	false	false	false	NONE	NONE	0.8277	1.1859	HIPK3	MYO1D	2	0	ISOLATED_BE	ISOLATED_BE	0	0
gridss184ff_5207o	617	307	COMMON_ARMS-615	false	false	false	NONE	NONE	0.8168	1.1653	ABTB2	NLE1;UNC45B	3	1	ISOLATED_BE	ISOLATED_BE	0	0
gridss216bf_460o	618	469	PROXIMITY-628	false	false	false	NONE	NONE	-0.0380	2.0864			5	2	DSB	DSB	0	0
unbalanced_1	619	469	PROXIMITY-618	false	false	false	NONE	NONE	-0.4649	2.4649			2	-1	DSB		0	0
gridss253bf_4554o	620	574		false	false	false	NONE	NONE	0.8021	1.1680	ATP5MGP7;HMGB3P27	FMNL1-DT;FMNL1	0	1	ISOLATED_BE	ISOLATED_BE	0	0
gridss31fb_20084o	621	436	PROXIMITY-622	false	false	false	NONE	NONE	0.6465	1.2057			2	0	ISOLATED_BE	TI_ONLY	0	1
gridss30bf_16944o	622	436	PROXIMITY-621	false	false	false	NONE	NONE	0.5636	1.3224			1	0	ISOLATED_BE	TI_ONLY	0	1
gridss254bf_6253o	623	576		false	false	false	NONE	NONE	1.7454	2.4654		ANKFN1	0	1	ISOLATED_BE	ISOLATED_BE	0	0
gridss255bf_1705o	624	577		false	false	false	NONE	NONE	1.6689	2.2512	CUEDC1	PPM1D	0	1	ISOLATED_BE	ISOLATED_BE	0	0
gridss256fb_5954o	625	579		false	false	false	NONE	NONE	-0.0367	3.1919	BPTF	BPTF	0	0	DSB	DSB	0	0
gridss255bf_7804o	626	578		false	false	false	NONE	NONE	1.6305	2.2211	LRRC37A3	WIPI1	0	1	ISOLATED_BE	ISOLATED_BE	0	0
gridss253bf_6668o	627	575		false	false	false	NONE	NONE	0.8149	1.2097	FMNL1-DT	ABCA8	0	1	ISOLATED_BE	ISOLATED_BE	0	0
gridss216ff_358o	628	469	PROXIMITY-618;TI_JCN_MATCH-517	false	false	false	NONE	NONE	-0.1273	2.1382		CPSF4L	5	3	DSB	DSB	0	0
unbalanced_2	629	469	PROXIMITY-628	false	false	false	NONE	NONE	-0.8036	2.5636	CPSF4L		3	-1	DSB		0	0
gridss256bf_6020o	630	581		false	false	false	NONE	NONE	0.6826	1.1630	CDC42EP4	SDK2	0	1	ISOLATED_BE	ISOLATED_BE	0	0
gridss256bf_4630o	631	580		false	false	false	NONE	NONE	0.8280	1.1232		MGAT5B	0	1	ISOLATED_BE	ISOLATED_BE	0	0
gridss138fb_11841o	632	18		false	false	false	NONE	NONE	0.0000	0.4070	ATG9B;ABCB8	CHMP6	0	1	ISOLATED_BE	ISOLATED_BE	0	0
gridss257b_60480b	633	582		false	false	false	NONE	NONE	0.7530	1.1710			0	-1	ISOLATED_BE		0	0
gridss258bf_898o	634	488		false	false	false	NONE	NONE	-1.3033	2.3773	MYOM1	MYOM1	0	0	SIMPLE_DUP	SIMPLE_DUP	0	0
gridss258bf_356o	635	486		false	false	false	NONE	NONE	0.6927	1.2065			0	1	ISOLATED_BE	ISOLATED_BE	0	0
gridss258bf_532o	636	487		false	false	false	NONE	NONE	0.7576	1.2624	SMCHD1	PTPRM	0	1	ISOLATED_BE	ISOLATED_BE	0	0
gridss259bf_1756o	638	489		false	false	false	NONE	NONE	-0.6656	1.4676			0	1	ISOLATED_BE	ISOLATED_BE	0	0
gridss260bf_2453o	639	490		false	false	false	NONE	NONE	0.2497	0.6493			0	1	ISOLATED_BE	ISOLATED_BE	0	0
gridss260bf_4372o	640	491		false	false	false	NONE	NONE	0.0739	0.4821			0	1	ISOLATED_BE	ISOLATED_BE	0	0
gridss197bf_7321o	641	5		false	false	false	NONE	NONE	0.2744	0.6791	LINC02386	DSG3	1	0	ISOLATED_BE	ISOLATED_BE	0	0
gridss261bb_564o	642	499	FOLDBACKS-653;TI_JCN_MATCH-644	false	false	true	NONE	NONE	0.2768	0.6124			0	0	FOLDBACK	FOLDBACK	0	0
gridss261fb_2078o	643	493		false	false	false	NONE	NONE	0.1677	0.5890	CCDC178		0	1	ISOLATED_BE	ISOLATED_BE	0	0
gridss261ff_986o	644	499	TI_JCN_MATCH-642	false	false	false	NONE	NONE	-0.0730	0.3755			1	2	ISOLATED_BE	ISOLATED_BE	0	0
gridss261bf_5264o	645	497		false	false	false	NONE	NONE	0.4346	0.9084			0	1	ISOLATED_BE	ISOLATED_BE	0	0
gridss261bf_5154o	646	496		false	false	false	NONE	NONE	0.2788	0.7036			0	1	ISOLATED_BE	ISOLATED_BE	0	0
gridss262bf_1048o	647	498		false	false	false	NONE	NONE	0.3263	0.7534			0	1	ISOLATED_BE	ISOLATED_BE	0	0
purple_18	648	499	TI_JCN_MATCH-656	false	false	false	NONE	NONE	0.2060	0.6360	HAUS1;RNU6-1278P		4	-1	ISOLATED_BE		0	0
gridss262fb_15792o	649	502		false	false	false	NONE	NONE	-0.2023	0.3877	ME2		0	1	ISOLATED_BE	ISOLATED_BE	0	0
gridss262bf_3667o	650	501		false	false	false	NONE	NONE	0.2491	0.6112	ZBTB7C		0	1	ISOLATED_BE	ISOLATED_BE	0	0
gridss197ff_8773o	651	8		false	false	false	NONE	NONE	0.2095	0.6108	BICD1	SNRPGP2;CUPIN1P	1	0	ISOLATED_BE	ISOLATED_BE	0	0
gridss197ff_6085o	652	14		false	false	false	NONE	NONE	0.2200	0.6370			1	0	ISOLATED_BE	ISOLATED_BE	0	0
gridss263bb_2150o	653	499	LONG_DEL_DUP_INV-656;FOLDBACKS-642	false	false	true	NONE	NONE	0.2726	0.5770			5	5	FOLDBACK	FOLDBACK	0	0
gridss263bf_5699o	654	504		false	false	false	NONE	NONE	0.0892	0.6108	CDH20	CDH20	0	1	ISOLATED_BE	ISOLATED_BE	0	0
gridss197bb_6817o	655	11		false	false	false	NONE	NONE	-0.1746	0.2494		PHLPP1	1	0	ISOLATED_BE	ISOLATED_BE	0	0
gridss262bf_2113o	656	499	LONG_DEL_DUP_INV-653;TI_JCN_MATCH-648	false	false	false	NONE	NONE	0.2128	0.5706	SLC14A2		3	6	ISOLATED_BE	ISOLATED_BE	0	0
gridss261fb_10986o	657	495		false	false	false	NONE	NONE	0.2120	0.5585		LINC01924;LINC01538	0	1	ISOLATED_BE	ISOLATED_BE	0	0
gridss198ff_254o	658	397	TI_JCN_MATCH-659	false	false	false	NONE	NONE	0.7596	1.2184			3	1	ISOLATED_BE	ISOLATED_BE	0	0
gridss264bf_938o	659	397	TI_JCN_MATCH-658	false	false	false	NONE	NONE	0.8350	1.1864	KDSR;KDSR-DT		0	2	ISOLATED_BE	ISOLATED_BE	0	0
gridss266bf_5504o	660	506		false	false	false	NONE	NONE	0.7888	1.2212	MCEMP1	CERS4	0	1	ISOLATED_BE	ISOLATED_BE	0	0
gridss266bf_7230o	661	507		false	false	false	NONE	NONE	0.7626	1.1994		DNMT1	0	1	ISOLATED_BE	ISOLATED_BE	0	0
gridss268bf_119o	663	508		false	false	false	NONE	NONE	0.8244	1.2856			0	1	ISOLATED_BE	ISOLATED_BE	0	0
gridss268b_29546b	664	509		false	false	false	NONE	NONE	0.6840	1.3360			0	-1	ISOLATED_BE		0	0
gridss221bb_3395o	665	512	PROXIMITY-667	false	false	false	NONE	NONE	0.6155	1.2436			2	0	TI_ONLY	ISOLATED_BE	2	0
gridss268bf_4771o	666	511		false	false	false	NONE	NONE	0.6739	1.2881		TSHZ3	0	1	ISOLATED_BE	ISOLATED_BE	0	0
gridss221ff_3508o	667	512	PROXIMITY-543	false	false	false	NONE	NONE	0.7235	1.3636		RNA5SP471	2	1	TI_ONLY	ISOLATED_BE	2	0
gridss212bb_3011o	668	467	COMMON_ARMS-670	false	false	false	NONE	NONE	0.7464	1.1653	LINC00390;SMIM2-AS1		2	0	ISOLATED_BE	ISOLATED_BE	0	0
gridss212ff_3279o	670	467	COMMON_ARMS-668	false	false	false	NONE	NONE	0.6614	1.1543		POLR2I;TBCB	3	1	ISOLATED_BE	ISOLATED_BE	0	0
purple_19	671	107	MAJOR_ALLELE_JCN-753	false	false	false	NONE	NONE	1.5111	2.3289	ZNF790-AS1		1	-1	ISOLATED_BE		0	0
gridss269bb_4270o	672	514	PROXIMITY-673	false	false	false	NONE	NONE	0.5631	1.1626	RASGRP4;RYR1	LGALS7;LGALS7B	0	1	ISOLATED_BE	DSB	0	0
unbalanced_3	673	514	PROXIMITY-672	false	false	false	NONE	NONE	-1.2207	3.2807	LGALS7;LGALS7B		1	-1	DSB		0	0
purple_20	674	515		false	false	false	NONE	NONE	0.5874	1.4726	LGALS7B		0	-1	ISOLATED_BE		0	0
gridss269bf_6552o	675	517		false	false	false	NONE	NONE	0.7634	1.0586	VN1R96P	SPTBN4	0	1	ISOLATED_BE	ISOLATED_BE	0	0
gridss270bf_927o	676	518		false	false	false	NONE	NONE	0.2587	0.4982	TEX101	ZNF222	0	1	ISOLATED_BE	ISOLATED_BE	0	0
gridss270bf_1541o	677	519		false	false	false	NONE	NONE	-0.1159	1.9409	ZNF285	ZNF285	0	0	SIMPLE_DUP	SIMPLE_DUP	0	0
gridss269fb_16053o	678	516		false	false	false	NONE	NONE	0.7984	1.0827	ZFP36;PLEKHG2		0	1	ISOLATED_BE	ISOLATED_BE	0	0
gridss272f_9406b	680	480		false	false	false	NONE	NONE	0.6407	1.2533	UBOX5-AS1;UBOX5		0	-1	ISOLATED_BE		0	0
gridss155bb_9075o	681	23	TI_JCN_MATCH-384	false	false	false	NONE	NONE	0.7841	1.2953	FOCAD	PTPRT	1	3	ISOLATED_BE	ISOLATED_BE	0	0
gridss168fb_16075o	682	256	PROXIMITY-404	false	false	false	NONE	NONE	0.0000	0.3210	LINC02663	STK4	0	1	DSB	ISOLATED_BE	0	0
gridss276bf_1702o	683	482		false	false	false	NONE	NONE	2.3501	3.4530	TOMM34;STK4-AS1;STK4	SPINT3	0	1	ISOLATED_BE	ISOLATED_BE	0	0
gridss276bf_606o	684	481		false	false	false	NONE	NONE	0.5885	1.2261		NCOA3	0	1	ISOLATED_BE	ISOLATED_BE	0	0
gridss276bf_2382o	685	483		false	false	false	NONE	NONE	0.6458	1.3122	WFDC3;DNTTIP1		0	1	ISOLATED_BE	ISOLATED_BE	0	0
gridss276bf_4570o	689	484		false	false	false	NONE	NONE	0.6703	1.2525	PREX1	LINC01440	0	1	ISOLATED_BE	ISOLATED_BE	0	0
gridss277bf_5738o	690	485		false	false	false	NONE	NONE	0.5975	1.1696	CDH4	ZBTB46	0	1	ISOLATED_BE	ISOLATED_BE	0	0
gridss279bf_2229o	691	272		false	false	false	NONE	NONE	0.8521	1.1779	BTG3;BTG3-AS1	CHODL-AS1	0	1	ISOLATED_BE	ISOLATED_BE	0	0
gridss280bb_234o	692	274	MAJOR_ALLELE_JCN-693	false	false	true	NONE	NONE	1.6534	2.2074	CHODL	TMPRSS15	0	0	FOLDBACK	FOLDBACK	0	0
gridss280f_7539b	693	274	MAJOR_ALLELE_JCN-692	false	false	false	NONE	NONE	1.3653	2.4747		DUX4;DUX4;LINC01986;LINC02564	1	-1	ISOLATED_BE		0	0
gridss280fb_2742o	694	276		false	false	false	NONE	NONE	-0.6441	3.1532	RNU1-139P	RNU1-139P	0	0	DSB	DSB	0	0
gridss280bf_839o	695	275		false	false	false	NONE	NONE	1.3479	2.2425			0	1	ISOLATED_BE	ISOLATED_BE	0	0
gridss280bf_1353o	696	277		false	false	false	NONE	NONE	0.6913	1.2972		LINC00320	0	1	ISOLATED_BE	ISOLATED_BE	0	0
gridss280bf_5375o	697	278		false	false	false	NONE	NONE	0.6251	1.2309	LINC01673		0	1	ISOLATED_BE	ISOLATED_BE	0	0
gridss282bf_1266o	698	279		false	false	false	NONE	NONE	1.5464	2.2636	DSCAM	DSCAM	0	1	ISOLATED_BE	ISOLATED_BE	0	0
gridss284bb_843o	702	321	FOLDBACKS-705	false	false	true	NONE	NONE	0.7942	1.1410	MICAL3;RHEBP3	MICAL3;RHEBP3	0	0	FOLDBACK	FOLDBACK	0	0
purple_21	703	320		false	false	false	NONE	NONE	0.5428	1.4292	USP18		0	-1	ISOLATED_BE		0	0
gridss285fb_407o	705	321	PROXIMITY-706;FOLDBACKS-702	false	false	true	NONE	NONE	-1.1414	2.7385	LINC01637	LINC01637	1	1	COMPLEX_FOLDBACK	COMPLEX_FOLDBACK	1	1
gridss285bb_109o	706	321	PROXIMITY-705;MAJOR_ALLELE_JCN-708	false	false	true	NONE	NONE	-0.6946	3.9346	LINC01637	LINC01637	1	1	COMPLEX_FOLDBACK	COMPLEX_FOLDBACK	1	1
gridss285ff_729o	708	321	MAJOR_ALLELE_JCN-706	false	false	true	NONE	NONE	1.5504	2.4197	IGLV3-32	IGLV3-32	2	2	FOLDBACK	FOLDBACK	0	0
gridss285bf_1000o	709	322		false	false	false	NONE	NONE	0.7163	1.2943		GUSBP11	0	1	ISOLATED_BE	ISOLATED_BE	0	0
purple_22	710	326	TI_JCN_MATCH-714	false	false	false	NONE	NONE	0.7008	1.3392			0	-1	ISOLATED_BE		0	0
gridss285b_63556b	711	326	PROXIMITY-715	false	false	false	NONE	NONE	-0.7694	2.2914	MYO18B	IGLL3P	2	-1	ISOLATED_BE		4	0
gridss285b_63567b	712	326	PROXIMITY-715	false	false	false	NONE	NONE	-2.0068	3.4768	MYO18B		2	-1	ISOLATED_BE		4	0
gridss285f_63528b	713	326	PROXIMITY-712	false	false	false	NONE	NONE	-1.6818	3.8018	MYO18B		2	-1	ISOLATED_BE		4	0
gridss285ff_2011o	714	326	PROXIMITY-713;TI_JCN_MATCH-710	false	false	false	NONE	NONE	0.7064	1.5008	MYO18B	MYO18B	1	2	ISOLATED_BE	ISOLATED_BE	0	4
gridss285bf_2692o	715	326	PROXIMITY-711	false	false	false	NONE	NONE	-0.0245	2.6650	MYO18B	MYO18B	2	2	ISOLATED_BE	ISOLATED_BE	4	4
gridss285bb_2047o	716	326	PROXIMITY-714	false	false	false	NONE	NONE	0.0265	2.2887	MYO18B	MYO18B	2	2	ISOLATED_BE	ISOLATED_BE	4	4
gridss285f_63551b	717	326	PROXIMITY-716	false	false	false	NONE	NONE	-0.8224	2.2844	MYO18B		2	-1	ISOLATED_BE		4	0
gridss285bf_4290o	719	327		false	false	false	NONE	NONE	1.6573	2.2427	ZNRF3;ZNRF3-IT1	ZMAT5;UQCR10	0	1	ISOLATED_BE	ISOLATED_BE	0	0
gridss287bf_2182o	721	328		false	false	false	NONE	NONE	1.6609	2.2400	PRR5-ARHGAP8;ARHGAP8	TBC1D22A	0	1	ISOLATED_BE	ISOLATED_BE	0	0
gridss63bb_1219o	722	238	MAJOR_ALLELE_JCN-724	false	false	false	NONE	NONE	3.4466	4.4430			0	2	ISOLATED_BE	ISOLATED_BE	0	0
gridss63ff_4655o	724	238	MAJOR_ALLELE_JCN-722	false	false	false	NONE	NONE	1.4895	2.4905	CLSTN2	TAFA5	1	3	ISOLATED_BE	ISOLATED_BE	0	0
gridss234ff_6235o	725	464	MAJOR_ALLELE_JCN-563	false	false	false	NONE	NONE	1.5637	2.2251			1	2	ISOLATED_BE	ISOLATED_BE	0	0
gridss289bf_425o	726	109		false	false	false	NONE	NONE	0.8663	1.1767	MID1	ARHGAP6	0	1	ISOLATED_BE	ISOLATED_BE	0	0
gridss10bb_4979o	727	9		false	false	false	NONE	KNOWN	-0.1090	0.1536		FRMPD4	1	0	ISOLATED_BE	ISOLATED_BE	0	0
gridss289bf_1183o	728	110		false	false	false	NONE	NONE	0.7777	1.1508	FRMPD4		0	1	ISOLATED_BE	ISOLATED_BE	0	0
gridss289bf_1762o	729	112		false	false	false	NONE	NONE	0.8083	1.2617	GEMIN8	GLRA2	0	1	ISOLATED_BE	ISOLATED_BE	0	0
gridss289bf_1293o	730	111		false	false	false	NONE	NONE	0.8542	1.2117		CDKL5	0	1	ISOLATED_BE	ISOLATED_BE	0	0
gridss61fb_17678o	731	113	COMMON_ARMS-732	false	false	false	NONE	NONE	0.8054	1.1954	ADCY5	SH3KBP1	3	0	ISOLATED_BE	ISOLATED_BE	0	0
gridss61bf_8311o	732	113	COMMON_ARMS-731	false	false	false	NONE	NONE	0.7514	1.1414	CASR		2	1	ISOLATED_BE	ISOLATED_BE	0	0
gridss290bf_3185o	733	115		false	false	false	NONE	NONE	-0.4437	1.5677			0	0	SIMPLE_DUP	SIMPLE_DUP	0	0
gridss291fb_2913o	734	116		true	true	false	NONE	NONE	0.8616	1.1274	DMD	DMD	0	1	ISOLATED_BE	ISOLATED_BE	0	0
gridss291fb_8454o	736	117		false	false	false	NONE	NONE	-0.0890	1.9120			0	0	DSB	DSB	0	0
gridss291bf_2436o	737	118		false	false	false	NONE	NONE	0.8498	1.1682	CFAP47		0	1	ISOLATED_BE	ISOLATED_BE	0	0
gridss64fb_29282o	738	107	PROXIMITY-739	false	false	false	NONE	NONE	1.3748	2.2989	KCNAB1		9	2	ISOLATED_BE	TI_ONLY	0	1
gridss169bf_8749o	739	107	PROXIMITY-738;LOH-740;MAJOR_ALLELE_JCN-408	false	false	false	NONE	NONE	1.5373	2.2367	PLXDC2		10	2	ISOLATED_BE	TI_ONLY	0	1
gridss152bb_9375o	740	107	PROXIMITY-378;LOH-739	false	false	false	NONE	NONE	0.7542	1.1832			6	3	SAME_ORIENT	ISOLATED_BE	2	0
gridss152ff_9336o	741	107	PROXIMITY-380;LOH-753	false	false	false	NONE	NONE	0.7725	1.2034			6	4	SAME_ORIENT	ISOLATED_BE	2	0
gridss293b_44356b	743	120	TI_JCN_MATCH-744	false	false	false	NONE	NONE	0.8009	1.3391			0	-1	ISOLATED_BE		0	0
purple_23	744	120	TI_JCN_MATCH-743	false	false	false	NONE	NONE	0.7709	1.3091			1	-1	ISOLATED_BE		0	0
gridss293bf_2480o	745	122		false	false	false	NONE	NONE	0.7820	1.1067			0	1	ISOLATED_BE	ISOLATED_BE	0	0
gridss295bf_942o	746	123		false	false	false	NONE	NONE	0.8265	1.1165	PIN4;ERCC6L		0	1	ISOLATED_BE	ISOLATED_BE	0	0
gridss297bf_386o	747	124		false	false	false	NONE	NONE	0.8436	1.1764			0	1	ISOLATED_BE	ISOLATED_BE	0	0
gridss300fb_2724o	750	126	PROXIMITY-751	false	false	false	NONE	NONE	0.6592	1.3438			0	1	TI_ONLY	ISOLATED_BE	1	0
gridss300bf_735o	751	126	PROXIMITY-750	false	false	false	NONE	NONE	0.6931	1.3721			0	2	TI_ONLY	ISOLATED_BE	1	0
gridss299bf_2981o	752	125		false	false	false	NONE	NONE	0.8249	1.1515	IL13RA1	THOC2	0	1	ISOLATED_BE	ISOLATED_BE	0	0
gridss269bb_2068o	753	107	LOH-741;MAJOR_ALLELE_JCN-671	false	false	false	NONE	NONE	1.6400	2.2441		THOC2	0	5	ISOLATED_BE	ISOLATED_BE	0	0
gridss301bf_157o	754	128		false	false	false	NONE	NONE	0.6428	1.2372	BCORL1		0	1	ISOLATED_BE	ISOLATED_BE	0	0
gridss301bf_1718o	755	129		false	false	false	NONE	NONE	0.6683	1.2459	GPC3		0	1	ISOLATED_BE	ISOLATED_BE	0	0
gridss301bf_4135o	756	130		false	false	false	NONE	NONE	0.7264	1.3426	FGF13		0	1	ISOLATED_BE	ISOLATED_BE	0	0
gridss302fb_1467o	757	132	PROXIMITY-758	false	false	false	NONE	NONE	-0.0177	3.1218			1	1	ISOLATED_BE	ISOLATED_BE	1	1
gridss302bf_218o	758	132	PROXIMITY-757	false	false	false	NONE	NONE	0.5662	1.4067			0	1	ISOLATED_BE	ISOLATED_BE	0	1
gridss302bf_949o	759	133		false	false	false	NONE	NONE	0.7345	1.3253			0	1	ISOLATED_BE	ISOLATED_BE	0	0
gridss302bf_3426o	760	134		false	false	false	NONE	NONE	0.6620	1.2700		AFF2;AFF2-IT1	0	1	ISOLATED_BE	ISOLATED_BE	0	0
gridss303fb_151o	761	136		false	false	false	NONE	NONE	-0.2671	2.9667	LINC00850	LINC00850	0	0	DSB	DSB	0	0
gridss303b_21822b	762	137	TI_JCN_MATCH-763	false	false	false	NONE	NONE	0.5130	1.6070		PNMA6A;PNMA6B	1	-1	ISOLATED_BE		0	0
gridss302bf_3830o	763	137	TI_JCN_MATCH-762	false	false	false	NONE	NONE	0.6631	1.3360			0	2	ISOLATED_BE	ISOLATED_BE	0	0
gridss303ff_1003o	767	138	MAJOR_ALLELE_JCN-764	false	false	true	NONE	NONE	0.4243	1.4404		ARHGAP4	3	3	FOLDBACK	FOLDBACK	0	0
gridss303ff_978o	768	138	MAJOR_ALLELE_JCN-764	false	false	false	NONE	NONE	1.4811	2.3991	PNMA3	MTCP1	1	4	ISOLATED_BE	ISOLATED_BE	0	0
gridss2b_110299b	3	45	SGL_MAPPING_INF-295;COMMON_ARMS-284;TI_JCN_MATCH-5	false	false	false	NONE	NONE	0.5619	1.3641		GUSBP10;MTND2P6;MTCO1P10;MTCO2P10;MTATP6P10;MTCO3P4;MTND4P5;MTND5P7	8	4	ISOLATED_BE	ISOLATED_BE	0	0
gridss70b_8783b	167	280	SGL_MAPPING_INF-168	false	false	false	NONE	NONE	0.7414	1.3386		LINC01182	0	1	ISOLATED_BE	ISOLATED_BE	0	0
gridss303b_41153b	764	138	SGL_MAPPING_INF-765;MAJOR_ALLELE_JCN-768	false	false	false	NONE	NONE	2.0272	3.5528			0	2	ISOLATED_BE	ISOLATED_BE	0	0
